# Blender 5.0.1
# www.blender.org
mtllib truck.mtl
o Cube
v 0.954347 1.366578 -0.869075
v 1.000000 0.442189 -1.000000
v 0.938570 1.380267 0.991792
v 0.000000 0.442189 -1.000000
v 0.000000 1.380267 0.991792
v 0.000000 0.442189 1.000000
v 0.000000 1.326400 -0.873957
v 1.000000 1.293619 0.222134
v 1.000000 0.456219 0.014030
v 0.000000 0.442189 0.000000
v 0.963113 1.203411 1.872151
v 0.904423 2.112473 0.014030
v 0.854399 2.072533 0.873687
v 0.000000 2.126400 -0.776759
v 0.866848 2.086222 -0.781640
v 0.000000 2.126400 0.865479
v 1.000000 0.442189 2.000000
v 0.000000 0.442189 2.000000
v 0.000000 1.213568 1.870442
v 1.000000 1.326400 -2.000000
v 0.000000 0.660819 -2.333333
v 0.000000 0.442189 -2.000000
v 0.920548 1.326400 -2.920548
v 1.000000 0.442189 -3.000000
v 0.000000 1.326400 -2.920548
v 0.000000 0.480913 -3.000000
v 1.000000 1.326400 1.000000
v 0.000000 1.333982 1.133604
v 0.905124 2.112558 0.853615
v 0.000000 2.072533 0.873687
v 0.000000 2.069066 0.863556
v 0.000000 1.376799 0.969035
v 0.938570 1.376799 0.969035
v 0.854399 2.069066 0.863556
v 0.996759 1.353054 0.026850
v 0.996394 1.351686 0.951964
v 0.994617 1.370674 -0.823654
v 0.908113 2.082126 -0.737214
v 0.905971 2.099746 0.026850
v 0.965006 1.617386 0.912379
v 0.994617 1.370674 -0.044600
v 0.996875 1.351174 0.999031
v 0.908113 2.082126 -0.044600
v 0.964301 1.617092 0.957662
v 0.969630 1.380182 0.061736
v 0.969630 1.380182 0.928224
v 0.887263 2.057612 0.061736
v 0.887263 2.057612 0.825005
v 1.000000 1.326400 -0.873957
v 1.000000 1.326400 0.014030
v 0.902730 2.126400 -0.776759
v 0.976901 1.385110 -0.799799
v 0.976901 1.385110 -0.065751
v 0.895503 2.054569 -0.718461
v 0.895503 2.054569 -0.065751
v 0.250000 0.442189 1.000000
v 0.500000 0.442189 1.000000
v 0.750000 0.442189 1.000000
v 0.250000 1.366578 -0.869075
v 0.500000 1.366578 -0.869075
v 0.750000 1.366578 -0.869075
v 0.730482 0.442189 -1.000000
v 0.500000 0.442189 -1.000000
v 0.267085 0.442189 -1.019518
v 0.750000 1.326400 1.000000
v 0.431644 1.333982 1.133604
v 0.250000 1.333982 1.133604
v 0.750000 0.442189 0.000000
v 0.500000 0.442189 0.000000
v 0.250000 0.442189 0.000000
v 0.225682 2.086222 -0.781640
v 0.451365 2.086222 -0.781640
v 0.677047 2.086222 -0.781640
v 0.677047 2.126400 0.865479
v 0.451365 2.126400 0.865479
v 0.225682 2.126400 0.865479
v 0.635229 2.162191 0.000000
v 0.250000 0.469411 1.995609
v 0.500000 0.469411 1.995609
v 0.750000 0.469411 1.995609
v 0.750000 1.203411 1.872151
v 0.536887 1.203411 1.872151
v 0.250000 1.275102 1.704328
v 0.500000 0.660819 -0.953408
v 0.250000 0.660819 -1.333333
v 0.250000 0.660819 -0.953408
v 0.750000 0.442189 -2.000000
v 0.480482 0.442189 -2.000000
v 0.116439 0.442189 -2.000000
v 0.250000 1.326400 -2.920548
v 0.500000 1.326400 -2.920548
v 0.750000 1.326400 -2.920548
v 0.750000 0.480913 -3.000000
v 0.500000 0.480913 -3.000000
v 0.116439 0.480913 -3.000000
v 0.703927 1.380267 0.991792
v 0.469285 1.380267 0.991792
v 0.234642 1.380267 0.991792
v 0.640799 2.072533 0.873687
v 0.427199 2.072533 0.873687
v 0.213600 2.072533 0.873687
v 0.703927 1.376799 0.969035
v 0.469285 1.376799 0.969035
v 0.234642 1.376799 0.969035
v 0.640799 2.069066 0.863556
v 0.427199 2.069066 0.863556
v 0.213600 2.069066 0.863556
v 1.000000 1.032035 -1.000000
v 1.000000 0.737671 -1.000000
v 1.000000 1.042281 0.985970
v 1.000000 1.196322 0.222134
v 1.000000 0.737671 0.014030
v 0.963113 1.010669 1.904570
v 1.000000 0.708800 1.955344
v 0.000000 1.083633 1.829247
v 0.000000 0.741298 1.886828
v 1.000000 1.032035 -2.000000
v 1.000000 1.032035 -3.000000
v 1.000000 0.737671 -3.000000
v 0.000000 1.032035 -3.000000
v 0.000000 0.737671 -3.000000
v 0.250000 1.032035 -3.000000
v 0.250000 0.737671 -3.000000
v 0.500000 1.032035 -3.000000
v 0.500000 0.737671 -3.000000
v 0.750000 1.032035 -3.000000
v 0.750000 0.737671 -3.000000
v 0.750000 0.978773 1.910688
v 0.750000 0.708800 1.955344
v 0.536887 1.010669 1.904570
v 0.473414 0.708793 1.955305
v 0.227741 1.083633 1.829247
v 0.367471 0.741298 1.886828
v 0.000000 1.318473 1.288677
v 0.000000 1.289602 1.577355
v 1.000000 0.469778 1.696005
v 0.000000 0.442189 1.666667
v 0.000000 0.442189 1.333333
v 1.000000 1.297529 1.288677
v 1.000000 1.268657 1.577355
v 0.750000 1.297529 1.288677
v 0.750000 1.268657 1.577355
v 0.431644 1.318473 1.288677
v 0.399579 1.289602 1.577355
v 0.250000 1.318473 1.288677
v 0.250000 1.289602 1.577355
v 0.250000 0.442189 1.333333
v 0.250000 0.442189 1.666667
v 0.500000 0.442189 1.333333
v 0.500000 0.442189 1.666667
v 0.750000 0.442189 1.333333
v 0.750000 0.442189 1.666667
v 1.000000 0.691046 1.719949
v 1.000000 1.012788 1.303563
v 1.000000 0.993541 1.607126
v 1.000000 1.239786 1.866032
v 0.750000 1.239786 1.866032
v 0.366726 1.275102 1.704328
v 1.000000 0.978773 1.910688
v 0.473414 0.978764 1.910637
v 0.750000 1.010669 1.904570
v 0.750000 1.195154 1.823060
v 0.750000 1.002412 1.855479
v 0.963113 1.195154 1.823060
v 0.536887 1.195154 1.823060
v 0.963113 1.002412 1.855479
v 0.536887 1.002412 1.855479
v 1.000000 1.237421 1.954511
v 0.750000 1.237421 1.954511
v 0.500000 1.237421 1.954511
v 1.000000 0.978773 1.954511
v 0.500000 0.978773 1.954511
v 0.750000 0.978773 1.954511
v 0.963113 1.212370 1.954511
v 0.750000 1.212370 1.954511
v 0.536887 1.212370 1.954511
v 0.963113 1.019628 1.954511
v 0.536887 1.019628 1.954511
v 0.750000 1.019628 1.954511
v 0.250000 1.326400 1.000000
v 0.000000 1.326400 1.000000
v 0.250000 1.213573 1.870467
v 0.000000 1.275102 1.704328
v 0.500000 1.326400 1.000000
v 0.473414 1.213573 1.870467
v 0.500000 1.268657 1.577355
v 0.500000 1.297529 1.288677
v 0.250000 1.116131 1.886831
v 0.442847 0.713886 1.954537
v 0.000000 0.708800 1.955344
v 0.000000 1.116131 1.886831
v 0.750000 0.442189 2.000000
v 1.000000 0.469778 1.997789
v 1.000000 0.442189 1.666667
v 0.000000 0.469411 1.995609
v 0.250000 0.442189 2.000000
v 0.500000 0.442189 2.000000
v 0.500000 0.682695 1.959735
v 0.442847 0.682695 1.964720
v 0.750000 0.682695 1.959735
v 1.000000 0.682262 1.957157
v 1.000000 0.718423 1.636896
v 0.000000 0.682695 1.959735
v 1.060568 0.682262 2.029424
v 1.060568 0.469778 2.034098
v 0.000000 0.655680 2.030243
v 0.000000 0.496427 2.033324
v 0.772977 0.682695 2.029720
v 0.772977 0.469411 2.033847
v 0.458366 0.655680 2.030243
v 0.458366 0.496427 2.033324
v 0.389056 0.655680 2.030243
v 0.197796 0.496427 2.033324
v 1.060568 0.469778 1.731692
v 1.060568 0.691046 1.759236
v 1.000000 1.293619 0.300217
v 1.000000 1.326400 0.666667
v 0.000000 0.442189 0.333333
v 0.000000 0.442189 0.666667
v 1.000000 0.456219 0.602557
v 1.000000 0.456219 0.333333
v 0.904423 2.112473 0.292702
v 0.904423 2.112473 0.585404
v 0.000000 2.162191 0.543586
v 1.000000 1.326400 0.333333
v 0.996759 1.353054 0.344744
v 0.996759 1.353054 0.648608
v 0.905971 2.099746 0.308235
v 0.905971 2.099746 0.575589
v 0.969630 1.380182 0.344744
v 0.969630 1.380182 0.648608
v 0.887263 2.057612 0.308235
v 0.887263 2.057612 0.575589
v 0.635229 2.162191 0.292702
v 0.618783 2.162191 0.527139
v 0.451365 2.162191 0.543586
v 0.225682 2.162191 0.543586
v 0.250000 0.442189 0.333333
v 0.250000 0.442189 0.666667
v 0.500000 0.442189 0.333333
v 0.500000 0.442189 0.666667
v 0.750000 0.442189 0.333333
v 0.750000 0.442189 0.574336
v 1.000000 0.737671 0.333333
v 1.000000 0.640482 0.602557
v 1.000000 1.196322 0.300217
v 1.000000 0.959747 0.727725
v 1.000000 0.442189 -0.333333
v 1.000000 0.442189 -0.666667
v 1.000000 1.326400 -0.666667
v 1.000000 1.263499 -0.122862
v 0.000000 0.442189 -0.644578
v 0.000000 0.442189 -0.333333
v 0.902730 2.126400 -0.601868
v 0.902730 2.126400 -0.300934
v 0.000000 2.162191 -0.560050
v 1.000000 1.326400 -0.333333
v 0.994617 1.370674 -0.647998
v 0.994617 1.370674 -0.346299
v 0.908113 2.082126 -0.590372
v 0.908113 2.082126 -0.317486
v 0.976901 1.385110 -0.647998
v 0.976901 1.385110 -0.346299
v 0.895503 2.054569 -0.590372
v 0.895503 2.054569 -0.317486
v 0.618783 2.162191 -0.543603
v 0.635229 2.162191 -0.300934
v 0.451365 2.162191 -0.560050
v 0.225682 2.162191 -0.560050
v 0.250000 0.442189 -0.666667
v 0.250000 0.442189 -0.333333
v 0.519518 0.442189 -0.686185
v 0.500000 0.442189 -0.333333
v 0.730482 0.442189 -0.686185
v 0.750000 0.442189 -0.333333
v 1.000000 0.737671 -0.666667
v 1.000000 0.737671 -0.333333
v 1.000000 1.032035 -0.666667
v 1.000000 1.209448 -0.122862
v 0.000000 0.442189 -1.333333
v 0.000000 0.442189 -1.666667
v 1.000000 0.442189 -1.666667
v 1.000000 0.442189 -1.333333
v 0.920548 1.326400 -1.333333
v 0.920548 1.326400 -1.666667
v 0.000000 0.660819 -0.953408
v 0.000000 0.660819 -1.333333
v 0.000000 0.660819 -1.666667
v 0.750000 0.660819 -2.920548
v 0.750000 0.660819 -2.666667
v 0.500000 0.660819 -2.920548
v 0.500000 0.660819 -2.666667
v 0.250000 0.660819 -2.920548
v 0.730482 0.442189 -1.333333
v 0.730482 0.442189 -1.647148
v 0.480482 0.442189 -1.647148
v 0.224826 0.442189 -1.335917
v 0.180306 0.442189 -1.669251
v 1.000000 1.032035 -1.333333
v 1.000000 0.934040 -1.778649
v 1.000000 0.737671 -1.333333
v 1.000000 0.604052 -1.666667
v 0.920548 1.326400 -2.333333
v 0.920548 1.326400 -2.666667
v 0.250000 0.660819 -2.000000
v 0.000000 0.660819 -2.000000
v 0.000000 0.442189 -2.333333
v 0.000000 0.442189 -2.666667
v 1.000000 0.480913 -2.704273
v 0.750000 0.442189 -2.333333
v 0.750000 0.442189 -2.687096
v 0.480482 0.442189 -2.313815
v 0.500000 0.442189 -2.666667
v 0.135957 0.442189 -2.313815
v 0.116439 0.442189 -2.666667
v 0.250000 0.660819 -2.666667
v 0.750000 0.660819 -1.666667
v 0.500000 0.660819 -1.666667
v 0.250000 0.660819 -1.666667
v 0.750000 0.660819 -2.000000
v 0.500000 0.660819 -2.000000
v 1.000000 1.032035 -2.333333
v 1.000000 0.957712 -2.554414
v 1.000000 0.578612 -2.704273
v 0.000000 1.304037 1.433016
v 1.000000 0.442189 1.558595
v 0.000000 0.442189 1.500000
v 1.000000 1.283093 1.433016
v 0.750000 1.283093 1.433016
v 0.500000 1.283093 1.433016
v 0.250000 1.304037 1.433016
v 0.250000 0.442189 1.500000
v 0.500000 0.442189 1.500000
v 0.750000 0.442189 1.606873
v 1.000000 0.628290 1.575921
v 1.000000 0.920646 1.489320
v 0.415611 1.304037 1.433016
v 0.789334 0.637830 1.000000
v 0.789334 0.442189 1.000000
v 0.789334 0.604052 -2.000000
v 0.789334 0.442189 -2.000000
v 0.789334 0.442189 -2.333333
v 0.789334 1.032035 1.000000
v 0.789334 1.032035 -2.000000
v 0.789334 0.934040 -1.778649
v 0.789334 0.604052 -1.666667
v 0.789334 0.637830 0.616587
v 0.789334 0.948414 0.738351
v 0.789334 0.442189 1.333333
v 0.789334 0.631470 1.323497
v 0.789334 1.012788 1.303563
v 0.789334 0.442189 0.616587
v 0.789334 0.442189 -1.666667
v 0.789334 0.442189 -2.666667
v 0.789334 1.032035 -2.333333
v 0.789334 0.957712 -2.554414
v 0.789334 0.604052 -2.333333
v 0.789334 0.604052 -2.666667
v 0.789334 0.442189 1.558595
v 0.789334 0.628290 1.575921
v 0.789334 0.920646 1.489320
v 0.000000 2.038272 0.876062
v 0.000000 1.409275 0.977188
v 0.886079 1.409275 0.977188
v 0.805381 2.038272 0.876062
v 0.694350 1.409275 0.977188
v 0.469391 1.409275 0.977188
v 0.244432 1.409275 0.977188
v 0.633827 2.038272 0.876062
v 0.429043 2.038272 0.876062
v 0.224258 2.038272 0.876062
v 0.750000 1.326400 -0.953408
v 0.920548 1.326400 -0.953408
v 0.677047 2.126400 -0.776759
v 0.000000 1.366578 -0.869075
v 0.250000 1.326400 -0.953408
v 0.500000 1.326400 -0.953408
v 0.000000 2.086222 -0.781640
v 0.225682 2.126400 -0.776759
v 0.451365 2.126400 -0.776759
v 0.000000 1.364989 -0.855992
v 0.000000 2.068566 -0.778001
v 0.750000 1.381055 -0.861532
v 0.677047 2.084632 -0.768558
v 0.500000 1.364989 -0.855992
v 0.451365 2.068566 -0.778001
v 0.250000 1.364989 -0.855992
v 0.225682 2.084632 -0.768558
v 0.936092 1.381055 -0.861532
v 0.852499 2.068566 -0.778001
v 0.750000 1.326400 -0.873957
v 1.000000 1.326400 -2.666667
v 1.000000 1.326400 -3.000000
v 1.000000 1.326400 -1.666667
v 0.920548 1.326400 -2.000000
v 0.750000 1.326400 -3.000000
v 0.000000 1.326400 -0.953408
v 0.250000 1.326400 -0.873957
v 0.500000 1.326400 -0.873957
v 0.000000 1.326400 -3.000000
v 0.250000 1.326400 -3.000000
v 0.500000 1.326400 -3.000000
v 1.000000 1.326400 -1.333333
v 1.000000 1.326400 -2.333333
v 0.750000 1.070929 -2.000000
v 0.920548 1.070929 -2.000000
v 0.000000 1.070929 -0.953408
v 0.765084 0.988668 -1.755110
v 0.250000 1.070929 -2.920548
v 0.500000 1.070929 -2.920548
v 0.765084 0.988668 -2.578223
v 0.750000 1.070929 -2.920548
v 0.250000 1.070929 -0.953408
v 0.500000 1.070929 -0.953408
v 0.750000 1.070929 -0.953408
v 0.920548 1.070929 -1.333333
v 0.905465 0.988668 -1.755110
v 0.000000 1.070929 -2.920548
v 0.750000 1.070929 -2.333333
v 0.920548 1.070929 -2.333333
v 0.905465 0.988668 -2.578223
v 0.920548 1.070929 -0.953408
v 0.920548 1.070929 -2.920548
v 0.500000 0.660819 -1.333333
v 0.750000 0.660819 -0.953408
v 0.750000 0.660819 -1.333333
v 0.920548 0.660819 -1.333333
v 0.920548 0.660819 -1.666667
v 0.000000 0.660819 -2.920548
v 0.000000 0.660819 -2.666667
v 0.250000 0.660819 -2.333333
v 0.500000 0.660819 -2.333333
v 0.750000 0.660819 -2.333333
v 0.920548 0.660819 -2.666667
v 0.920548 0.660819 -0.953408
v 0.920548 0.660819 -2.920548
v 0.463778 0.682695 2.003134
v 0.485387 0.469411 2.033847
v 0.000000 0.469411 2.033847
v 0.197796 0.469411 2.033847
v 0.427914 0.682695 2.003134
v 0.000000 0.682695 2.029720
v 0.000000 0.656527 2.074039
v 0.000000 0.497274 2.077120
v 0.389056 0.656527 2.074039
v 0.197796 0.497274 2.077120
v 0.458366 0.656527 2.074039
v 0.458366 0.497274 2.077120
v 0.389056 0.682695 2.029720
v 0.416260 0.682695 1.959735
v 0.250000 1.239786 1.866032
v 0.000000 1.239786 1.866032
v 0.500000 1.239786 1.866032
v 0.500000 0.978773 1.910688
v 0.500000 0.708800 1.955344
v 0.267958 1.142360 1.882487
v 0.416260 0.708800 1.955344
v 0.000000 1.142349 1.882421
v 0.473414 0.682695 1.956989
v 0.485387 0.682695 2.029720
v 0.249651 1.118680 1.900325
v 0.415912 0.711348 1.968838
v 0.000000 0.711348 1.968838
v 0.000000 1.118680 1.900325
v 0.415912 0.685244 1.973228
v 0.000000 0.685244 1.973228
v 0.267609 1.144909 1.895980
v 0.442498 0.716435 1.968030
v 0.000000 1.144898 1.895915
v 0.442498 0.685244 1.978214
v 1.000000 0.989983 -1.000000
v 1.000000 0.947931 -1.000000
v 1.000000 0.905879 -1.000000
v 1.000000 0.863827 -1.000000
v 1.000000 0.821775 -1.000000
v 1.000000 0.779723 -1.000000
v 1.000000 0.989983 0.014030
v 1.000000 0.947931 0.014030
v 1.000000 0.905879 0.014030
v 1.000000 0.863827 0.014030
v 1.000000 0.821775 0.014030
v 1.000000 0.779723 0.014030
v 1.000000 0.940205 1.917068
v 1.000000 0.901638 1.923447
v 1.000000 0.863070 1.929826
v 1.000000 0.824503 1.936206
v 1.000000 0.785935 1.942585
v 1.000000 0.747367 1.948965
v 0.000000 1.034728 1.837473
v 0.000000 0.985823 1.845699
v 0.000000 0.936918 1.853925
v 0.000000 0.888013 1.862150
v 0.000000 0.839108 1.870376
v 0.000000 0.790203 1.878602
v 1.000000 0.989983 -3.000000
v 1.000000 0.947931 -3.000000
v 1.000000 0.905879 -3.000000
v 1.000000 0.863827 -3.000000
v 1.000000 0.821775 -3.000000
v 1.000000 0.779723 -3.000000
v 0.000000 0.989983 -3.000000
v 0.000000 0.947931 -3.000000
v 0.000000 0.905879 -3.000000
v 0.000000 0.863827 -3.000000
v 0.000000 0.821775 -3.000000
v 0.000000 0.779723 -3.000000
v 0.250000 0.989983 -3.000000
v 0.250000 0.947931 -3.000000
v 0.250000 0.905879 -3.000000
v 0.250000 0.863827 -3.000000
v 0.250000 0.821775 -3.000000
v 0.250000 0.779723 -3.000000
v 0.500000 0.989983 -3.000000
v 0.500000 0.947931 -3.000000
v 0.500000 0.905879 -3.000000
v 0.500000 0.863827 -3.000000
v 0.500000 0.821775 -3.000000
v 0.500000 0.779723 -3.000000
v 0.750000 0.989983 -3.000000
v 0.750000 0.947931 -3.000000
v 0.750000 0.905879 -3.000000
v 0.750000 0.863827 -3.000000
v 0.750000 0.821775 -3.000000
v 0.750000 0.779723 -3.000000
v 0.750000 0.940205 1.917068
v 0.750000 0.901638 1.923447
v 0.750000 0.863070 1.929826
v 0.750000 0.824503 1.936206
v 0.750000 0.785935 1.942585
v 0.750000 0.747367 1.948965
v 0.500000 0.940205 1.917068
v 0.500000 0.901638 1.923447
v 0.500000 0.863070 1.929826
v 0.500000 0.824503 1.936206
v 0.500000 0.785935 1.942585
v 0.500000 0.747367 1.948965
v 0.273751 1.057941 1.896619
v 0.297503 0.999751 1.906406
v 0.321254 0.941561 1.916194
v 0.345006 0.883371 1.925981
v 0.368757 0.825180 1.935769
v 0.392509 0.766990 1.945557
v 1.000000 0.954238 1.611378
v 1.000000 0.914936 1.615631
v 1.000000 0.875633 1.619884
v 1.000000 0.836331 1.624137
v 1.000000 0.797028 1.628390
v 1.000000 0.757726 1.632643
v 0.247702 1.034728 1.837473
v 0.267664 0.985823 1.845699
v 0.287625 0.936918 1.853925
v 0.307587 0.888013 1.862150
v 0.327548 0.839108 1.870376
v 0.347510 0.790203 1.878602
v 1.000000 0.989983 0.333333
v 1.000000 0.947931 0.333333
v 1.000000 0.905879 0.333333
v 1.000000 0.863827 0.333333
v 1.000000 0.821775 0.333333
v 1.000000 0.779723 0.333333
v 1.000000 0.909166 0.707894
v 1.000000 0.864797 0.690499
v 1.000000 0.820428 0.673104
v 1.000000 0.776059 0.655709
v 1.000000 0.731689 0.638314
v 1.000000 0.687320 0.620919
v 1.000000 0.989983 -0.666667
v 1.000000 0.947931 -0.666667
v 1.000000 0.905879 -0.666667
v 1.000000 0.863827 -0.666667
v 1.000000 0.821775 -0.666667
v 1.000000 0.779723 -0.666667
v 1.000000 0.989983 -0.333333
v 1.000000 0.947931 -0.333333
v 1.000000 0.905879 -0.333333
v 1.000000 0.863827 -0.333333
v 1.000000 0.821775 -0.333333
v 1.000000 0.779723 -0.333333
v 1.000000 0.779723 -1.333333
v 1.000000 0.821775 -1.333333
v 1.000000 0.863827 -1.333333
v 1.000000 0.905879 -1.333333
v 1.000000 0.947931 -1.333333
v 1.000000 0.989983 -1.333333
v 1.000000 0.651193 -1.682664
v 1.000000 0.698334 -1.698662
v 1.000000 0.745476 -1.714659
v 1.000000 0.792617 -1.730657
v 1.000000 0.839758 -1.746654
v 1.000000 0.886899 -1.762651
v 1.000000 0.654575 -2.650630
v 1.000000 0.705098 -2.634594
v 1.000000 0.755621 -2.618558
v 1.000000 0.806144 -2.602522
v 1.000000 0.856666 -2.586486
v 1.000000 0.907189 -2.570450
v 1.000000 0.878881 1.501691
v 1.000000 0.837116 1.514063
v 1.000000 0.795351 1.526435
v 1.000000 0.753586 1.538806
v 1.000000 0.711821 1.551178
v 1.000000 0.670056 1.563550
v 0.789334 0.975720 1.000000
v 0.789334 0.919405 1.000000
v 0.789334 0.863090 1.000000
v 0.789334 0.806775 1.000000
v 0.789334 0.750460 1.000000
v 0.789334 0.694145 1.000000
v 0.789334 0.970895 -2.000000
v 0.789334 0.909755 -2.000000
v 0.789334 0.848614 -2.000000
v 0.789334 0.787474 -2.000000
v 0.789334 0.726333 -2.000000
v 0.789334 0.665193 -2.000000
v 0.789334 0.958314 1.306410
v 0.789334 0.903840 1.309258
v 0.789334 0.849366 1.312106
v 0.789334 0.794892 1.314954
v 0.789334 0.740418 1.317801
v 0.789334 0.685944 1.320649
v 0.789334 0.904045 0.720956
v 0.789334 0.859676 0.703561
v 0.789334 0.815307 0.686166
v 0.789334 0.770938 0.668771
v 0.789334 0.726568 0.651376
v 0.789334 0.682199 0.633982
v 0.789334 0.651193 -1.682664
v 0.789334 0.698334 -1.698662
v 0.789334 0.745476 -1.714659
v 0.789334 0.792617 -1.730657
v 0.789334 0.839758 -1.746654
v 0.789334 0.886899 -1.762651
v 0.789334 0.665193 -2.333333
v 0.789334 0.726333 -2.333333
v 0.789334 0.787474 -2.333333
v 0.789334 0.848614 -2.333333
v 0.789334 0.909755 -2.333333
v 0.789334 0.970895 -2.333333
v 0.789334 0.654575 -2.650630
v 0.789334 0.705098 -2.634594
v 0.789334 0.755621 -2.618558
v 0.789334 0.806144 -2.602522
v 0.789334 0.856666 -2.586486
v 0.789334 0.907189 -2.570450
v 0.789334 0.878881 1.501691
v 0.789334 0.837116 1.514063
v 0.789334 0.795351 1.526435
v 0.789334 0.753586 1.538806
v 0.789334 0.711821 1.551178
v 0.789334 0.670056 1.563550
v 0.473414 0.940197 1.917018
v 0.473414 0.901630 1.923399
v 0.473414 0.863062 1.929780
v 0.473414 0.824495 1.936162
v 0.473414 0.785928 1.942543
v 0.473414 0.747361 1.948924
v 0.292942 1.081150 1.892780
v 0.317926 1.019939 1.903073
v 0.342910 0.958729 1.913365
v 0.367894 0.897518 1.923658
v 0.392878 0.836307 1.933951
v 0.417862 0.775097 1.944244
v 0.273403 1.060490 1.910112
v 0.297154 1.002299 1.919900
v 0.320906 0.944109 1.929687
v 0.344657 0.885919 1.939475
v 0.368409 0.827729 1.949262
v 0.392160 0.769538 1.959050
v 0.292593 1.083698 1.906273
v 0.317577 1.022488 1.916566
v 0.342562 0.961277 1.926859
v 0.367546 0.900066 1.937152
v 0.392530 0.838856 1.947445
v 0.417514 0.777645 1.957737
v 0.226423 0.442189 -1.000000
v 0.226423 1.326400 1.000000
v 0.226423 0.442189 0.000000
v 0.204399 2.126400 0.865479
v 0.226423 1.239786 1.866032
v 0.105458 0.442189 -2.000000
v 0.105458 0.480913 -3.000000
v 0.212514 1.380267 0.991792
v 0.193456 2.072533 0.873687
v 0.212514 1.376799 0.969035
v 0.193456 2.069066 0.863556
v 0.226423 0.442189 1.000000
v 0.226423 1.326400 -0.873957
v 0.204399 2.126400 -0.776759
v 0.226423 0.442189 2.000000
v 0.226423 1.326400 -3.000000
v 0.226423 0.660819 -1.666667
v 0.226423 0.660819 -1.333333
v 0.226423 0.700065 -3.000000
v 0.226423 1.032035 -3.000000
v 0.377004 0.708800 1.955344
v 0.226423 1.116131 1.886831
v 0.226423 0.442189 1.333333
v 0.226423 0.442189 1.666667
v 0.226423 1.318473 1.288677
v 0.226423 1.289602 1.577355
v 0.226423 1.333982 1.133604
v 0.226423 1.275102 1.704328
v 0.332816 0.741298 1.886828
v 0.206263 1.083633 1.829247
v 0.226423 0.469411 1.995609
v 0.377004 0.682695 1.959735
v 0.179142 0.469411 2.033847
v 0.352365 0.682695 2.029720
v 0.226423 0.442189 0.333333
v 0.226423 0.442189 0.666667
v 0.204399 2.162191 0.543586
v 0.226423 0.442189 -0.666667
v 0.226423 0.442189 -0.333333
v 0.204399 2.162191 -0.560050
v 0.186101 0.442189 -1.333333
v 0.145780 0.442189 -1.666667
v 0.226423 0.660819 -2.000000
v 0.105458 0.442189 -2.333333
v 0.105458 0.442189 -2.666667
v 0.226423 1.304037 1.433016
v 0.226423 0.442189 1.500000
v 0.226423 1.366578 -0.869075
v 0.204399 2.086222 -0.781640
v 0.226423 1.381055 -0.861532
v 0.204399 2.068566 -0.778001
v 0.226423 1.326400 -0.953408
v 0.226423 1.326400 -2.920548
v 0.226423 1.070929 -0.953408
v 0.226423 1.070929 -2.920548
v 0.226423 0.660819 -2.333333
v 0.226423 0.660819 -2.666667
v 0.226423 0.660819 -0.953408
v 0.226423 0.660819 -2.920548
v 0.179142 0.496427 2.033324
v 0.352365 0.655680 2.030243
v 0.179142 0.497274 2.077120
v 0.352365 0.656527 2.074039
v 0.226423 1.213572 1.870465
v 0.242687 1.142359 1.882481
v 0.376688 0.711348 1.968838
v 0.226108 1.118680 1.900325
v 0.376688 0.685244 1.973228
v 0.242372 1.144908 1.895974
v 0.314737 0.790203 1.878602
v 0.296658 0.839108 1.870376
v 0.278579 0.888013 1.862150
v 0.260500 0.936918 1.853925
v 0.242421 0.985823 1.845699
v 0.224342 1.034728 1.837473
v 0.226423 0.779723 -3.000000
v 0.226423 0.821775 -3.000000
v 0.226423 0.863827 -3.000000
v 0.226423 0.905879 -3.000000
v 0.226423 0.947931 -3.000000
v 0.226423 0.989983 -3.000000
v 0.000000 1.041598 1.878318
v 0.000000 0.992693 1.886544
v 0.000000 0.943788 1.894770
v 0.000000 0.894883 1.902995
v 0.000000 0.845978 1.911221
v 0.000000 0.797073 1.919447
v 0.283922 0.797073 1.919447
v 0.268939 0.845978 1.911221
v 0.253955 0.894883 1.902995
v 0.238972 0.943788 1.894770
v 0.223988 0.992693 1.886544
v 0.209005 1.041598 1.878318
v 0.677047 2.162191 -0.300934
v 0.677047 2.162191 0.000000
v 0.677047 2.162191 0.292702
v 0.677047 2.162191 0.585404
v 0.225682 2.162191 0.585404
v 0.451365 2.162191 0.585404
v 0.204399 2.162191 0.585404
v 0.677047 2.162191 -0.601868
v 0.225682 2.162191 -0.601868
v 0.451365 2.162191 -0.601868
v 0.204399 2.162191 -0.601868
v 0.000000 2.162191 0.585404
v 0.000000 2.162191 -0.601868
v 0.677047 2.193370 -0.300934
v 0.677047 2.193370 0.000000
v 0.677047 2.193370 0.292702
v 0.677047 2.193370 0.585404
v 0.225682 2.193370 0.585404
v 0.451365 2.193370 0.585404
v 0.204399 2.193370 0.585404
v 0.677047 2.193370 -0.601868
v 0.225682 2.193370 -0.601868
v 0.451365 2.193370 -0.601868
v 0.204399 2.193370 -0.601868
v 0.000000 2.193370 0.585404
v 0.000000 2.193370 -0.601868
v 0.635229 2.193370 -0.300934
v 0.635229 2.193370 0.000000
v 0.635229 2.193370 0.292702
v 0.635229 2.193370 0.543586
v 0.225682 2.193370 0.543586
v 0.451365 2.193370 0.543586
v 0.204399 2.193370 0.543586
v 0.635229 2.193370 -0.560050
v 0.225682 2.193370 -0.560050
v 0.451365 2.193370 -0.560050
v 0.204399 2.193370 -0.560050
v 0.000000 2.193370 0.543586
v 0.000000 2.193370 -0.560050
v 0.618783 2.162191 -0.300934
v 0.618783 2.162191 0.000000
v 0.618783 2.162191 0.292702
v 0.635229 2.162191 0.543586
v 0.225682 2.162191 0.527139
v 0.451365 2.162191 0.527139
v 0.204399 2.162191 0.527139
v 0.635229 2.162191 -0.560050
v 0.225682 2.162191 -0.543603
v 0.451365 2.162191 -0.543603
v 0.204399 2.162191 -0.543603
v 0.000000 2.162191 0.527139
v 0.000000 2.162191 -0.543603
v 0.000000 2.201978 -0.300934
v 0.000000 2.201978 0.000000
v 0.204399 2.201978 0.000000
v 0.225682 2.201978 0.000000
v 0.451365 2.201978 0.000000
v 0.618783 2.187959 0.000000
v 0.451365 2.201978 -0.300934
v 0.225682 2.201978 -0.300934
v 0.000000 2.201978 0.292702
v 0.000000 2.187959 0.527139
v 0.451365 2.201978 0.292702
v 0.451365 2.187959 0.527139
v 0.225682 2.201978 0.292702
v 0.225682 2.187959 0.527139
v 0.618783 2.187959 0.292702
v 0.204399 2.201978 0.292702
v 0.000000 2.187959 -0.543603
v 0.451365 2.187959 -0.543603
v 0.225682 2.187959 -0.543603
v 0.618783 2.187959 -0.300934
v 0.204399 2.201978 -0.300934
v 0.204399 2.187959 -0.543603
v 0.204399 2.187959 0.527139
v 0.618783 2.187959 0.527139
v 0.618783 2.187959 -0.543603
v 1.000000 1.263499 -0.061837
v 1.000000 1.209448 -0.061837
v 1.000000 1.032035 0.333333
v 1.053633 1.279589 0.236164
v 1.053633 1.210352 0.236164
v 1.053633 1.279589 0.294552
v 1.053633 1.210352 0.294552
v 1.093302 1.279589 0.211791
v 1.093302 1.210352 0.211791
v 1.084373 1.279589 0.279058
v 1.084373 1.210352 0.279058
v 1.060820 1.266939 0.021814
v 1.060820 1.243902 0.021814
v 1.088109 1.266939 0.021814
v 1.088109 1.243902 0.021814
v 0.905477 2.099686 0.855002
v 0.996092 1.352973 0.968767
v 1.026506 1.603300 0.945640
v 1.026506 1.365421 0.982679
v 1.026506 1.603300 0.928634
v 1.026506 1.365421 0.964085
v 1.033186 1.711303 0.939902
v 1.033186 1.331542 0.999033
v 1.057946 1.686736 0.916419
v 1.057946 1.356098 0.965684
v 1.190884 1.710795 0.939902
v 1.218658 1.332051 0.999033
v 1.190884 1.710795 0.912753
v 1.218658 1.332051 0.969348
v 1.274920 1.667825 0.939902
v 1.274920 1.361011 0.999033
v 1.250159 1.652848 0.915646
v 1.250168 1.376061 0.967263
v 1.047326 1.694886 0.961646
v 1.047326 1.353655 1.014778
v 1.189024 1.694429 0.961646
v 1.213980 1.354112 1.014778
v 1.264535 1.655819 0.961646
v 1.264535 1.380133 1.014778
v 1.033186 1.711303 0.912753
v 1.033186 1.331542 0.969348
v 1.212692 1.356511 0.965606
v 1.184962 1.686366 0.916686
v 1.274920 1.667825 0.912753
v 1.274920 1.361011 0.969348
v 1.185087 1.688841 0.932395
v 1.212818 1.358986 0.981314
v 1.058071 1.689211 0.932127
v 1.058071 1.358573 0.981392
v 1.250284 1.655323 0.931354
v 1.250293 1.378536 0.982972
v 1.000000 1.032035 0.014030
v 1.000000 1.032035 -0.333333
v 1.026817 1.210352 0.244122
v 1.026817 1.210352 0.298327
v 1.026817 1.279589 0.244122
v 1.026817 1.279589 0.298327
v 1.065300 1.274102 0.151815
v 1.065300 1.231392 0.151815
v 1.096907 1.274102 0.137033
v 1.096907 1.231392 0.137033
v 1.058304 1.263499 -0.122862
v 1.058304 1.263499 -0.057822
v 1.058304 1.209448 -0.057822
v 1.058304 1.209448 -0.122862
v 1.087994 1.263499 -0.122862
v 1.080551 1.263499 -0.076881
v 1.080551 1.209448 -0.076881
v 1.087994 1.209448 -0.122862
v 1.058304 1.261995 -0.194487
v 1.058304 1.230413 -0.194182
v 1.087994 1.261995 -0.194487
v 1.087994 1.230413 -0.194182
v 1.058304 1.256545 -0.264442
v 1.058304 1.232149 -0.264746
v 1.087994 1.256545 -0.264442
v 1.087994 1.232149 -0.264746
v 1.029152 1.209448 -0.115593
v 1.029152 1.209448 -0.050553
v 1.029152 1.263499 -0.050553
v 1.029152 1.263499 -0.115593
v 0.000000 0.442189 1.126783
v 0.000000 1.328083 1.192586
v 1.000000 1.315419 1.109799
v 0.750000 1.315419 1.109799
v 0.500000 1.315419 1.109799
v 0.250000 1.328083 1.192586
v 0.250000 0.442189 1.126783
v 0.500000 0.442189 1.126783
v 0.750000 0.442189 1.126783
v 1.000000 1.024715 1.115460
v 0.431644 1.328083 1.192586
v 0.789334 0.442189 1.126783
v 0.789334 0.635411 1.123042
v 0.789334 1.024715 1.115460
v 0.789334 0.691026 1.121959
v 0.789334 0.746641 1.120876
v 0.789334 0.802256 1.119793
v 0.789334 0.857870 1.118710
v 0.789334 0.913485 1.117626
v 0.789334 0.969100 1.116543
v 0.226423 1.328083 1.192586
v 0.226423 0.442189 1.126783
v 0.801762 0.271139 0.655456
v 1.028453 0.404711 0.986015
v 0.801762 0.020287 0.901991
v 1.028453 0.348477 1.041281
v 0.801762 0.017235 1.253696
v 1.028453 0.347793 1.120124
v 0.801762 0.263769 1.504548
v 1.028453 0.403059 1.176358
v 0.801762 0.615474 1.507600
v 1.028453 0.481902 1.177042
v 0.801762 0.866326 1.261066
v 1.028453 0.538136 1.121776
v 0.801762 0.869378 0.909361
v 1.028453 0.538820 1.042933
v 0.801762 0.622844 0.658509
v 1.028453 0.483554 0.986699
v 1.169908 0.053493 0.916084
v 1.169908 0.284654 0.688902
v 1.169908 0.050680 1.240181
v 1.169908 0.277862 1.471342
v 1.169908 0.601959 1.474154
v 1.169908 0.833120 1.246972
v 1.169908 0.835933 0.922875
v 1.169908 0.608751 0.691715
v 1.169908 0.169240 0.965209
v 1.169908 0.331762 0.805484
v 1.169908 0.167262 1.193073
v 1.169908 0.326988 1.355595
v 1.169908 0.554851 1.357572
v 1.169908 0.717373 1.197847
v 1.169908 0.719351 0.969984
v 1.169908 0.559625 0.807462
v 1.028453 0.232070 0.991875
v 1.028453 0.357334 0.868767
v 1.028453 0.230546 1.167501
v 1.028453 0.353654 1.292765
v 1.028453 0.529279 1.294289
v 1.028453 0.654543 1.171181
v 1.028453 0.656067 0.995556
v 1.028453 0.532959 0.870292
v 1.088789 0.370220 1.050509
v 1.088789 0.413561 1.007915
v 1.088789 0.369693 1.111274
v 1.088789 0.412287 1.154615
v 1.088789 0.473052 1.155142
v 1.088789 0.516393 1.112547
v 1.088789 0.516920 1.051782
v 1.088789 0.474326 1.008442
v 1.146419 0.020287 0.901991
v 1.146419 0.271139 0.655456
v 1.146419 0.017235 1.253696
v 1.146419 0.263769 1.504548
v 1.146419 0.615474 1.507600
v 1.146419 0.866326 1.261066
v 1.146419 0.869378 0.909361
v 1.146419 0.622844 0.658509
v 1.146419 0.202446 0.979303
v 1.146419 0.345277 0.838930
v 1.146419 0.200708 1.179558
v 1.146419 0.341081 1.322389
v 1.146419 0.541336 1.324127
v 1.146419 0.684167 1.183754
v 1.146419 0.685905 0.983499
v 1.146419 0.545532 0.840668
v 1.078762 0.348477 1.041281
v 1.078762 0.404711 0.986015
v 1.078762 0.347793 1.120124
v 1.078762 0.403059 1.176358
v 1.078762 0.481902 1.177042
v 1.078762 0.538136 1.121776
v 1.078762 0.538820 1.042933
v 1.078762 0.483554 0.986699
v 1.050005 0.230546 1.167501
v 1.050005 0.232070 0.991875
v 1.050005 0.529279 1.294289
v 1.050005 0.353654 1.292765
v 1.050005 0.656067 0.995556
v 1.050005 0.654543 1.171181
v 1.050005 0.357334 0.868767
v 1.050005 0.532959 0.870292
v 1.050005 0.347793 1.120124
v 1.050005 0.348477 1.041281
v 1.050005 0.481902 1.177042
v 1.050005 0.403059 1.176358
v 1.050005 0.538820 1.042933
v 1.050005 0.538136 1.121776
v 1.050005 0.404711 0.986015
v 1.050005 0.483554 0.986699
v 0.814710 0.271139 -2.566872
v 1.041400 0.404711 -2.236313
v 0.814710 0.020287 -2.320337
v 1.041400 0.348477 -2.181047
v 0.814710 0.017235 -1.968632
v 1.041400 0.347793 -2.102205
v 0.814710 0.263769 -1.717781
v 1.041400 0.403059 -2.045971
v 0.814710 0.615474 -1.714728
v 1.041400 0.481902 -2.045287
v 0.814710 0.866326 -1.961262
v 1.041400 0.538136 -2.100553
v 0.814710 0.869379 -2.312968
v 1.041400 0.538820 -2.179395
v 0.814710 0.622844 -2.563819
v 1.041400 0.483554 -2.235629
v 1.182855 0.053493 -2.306244
v 1.182855 0.284654 -2.533426
v 1.182855 0.050680 -1.982147
v 1.182855 0.277863 -1.750987
v 1.182855 0.601960 -1.748174
v 1.182855 0.833120 -1.975356
v 1.182855 0.835933 -2.299453
v 1.182855 0.608751 -2.530613
v 1.182855 0.169240 -2.257119
v 1.182855 0.331762 -2.416844
v 1.182855 0.167263 -2.029256
v 1.182855 0.326988 -1.866734
v 1.182855 0.554851 -1.864756
v 1.182855 0.717373 -2.024481
v 1.182855 0.719351 -2.252344
v 1.182855 0.559626 -2.414866
v 1.041400 0.232070 -2.230453
v 1.041400 0.357334 -2.353561
v 1.041400 0.230546 -2.054827
v 1.041400 0.353654 -1.929563
v 1.041400 0.529279 -1.928039
v 1.041400 0.654543 -2.051147
v 1.041400 0.656068 -2.226773
v 1.041400 0.532959 -2.352037
v 1.101736 0.370220 -2.171819
v 1.101736 0.413561 -2.214413
v 1.101736 0.369693 -2.111054
v 1.101736 0.412287 -2.067714
v 1.101736 0.473053 -2.067186
v 1.101736 0.516393 -2.109781
v 1.101736 0.516920 -2.170546
v 1.101736 0.474326 -2.213886
v 1.159366 0.020287 -2.320337
v 1.159366 0.271139 -2.566872
v 1.159366 0.017235 -1.968632
v 1.159366 0.263769 -1.717781
v 1.159366 0.615474 -1.714728
v 1.159366 0.866326 -1.961262
v 1.159366 0.869379 -2.312968
v 1.159366 0.622844 -2.563819
v 1.159366 0.202446 -2.243026
v 1.159366 0.345277 -2.383398
v 1.159366 0.200708 -2.042770
v 1.159366 0.341081 -1.899940
v 1.159366 0.541336 -1.898201
v 1.159366 0.684167 -2.038574
v 1.159366 0.685905 -2.238830
v 1.159366 0.545532 -2.381660
v 1.091709 0.348477 -2.181047
v 1.091709 0.404711 -2.236313
v 1.091709 0.347793 -2.102205
v 1.091709 0.403059 -2.045971
v 1.091709 0.481902 -2.045287
v 1.091709 0.538136 -2.100553
v 1.091709 0.538820 -2.179395
v 1.091709 0.483554 -2.235629
v 1.062953 0.230546 -2.054827
v 1.062953 0.232070 -2.230453
v 1.062953 0.529279 -1.928039
v 1.062953 0.353654 -1.929563
v 1.062953 0.656068 -2.226773
v 1.062953 0.654543 -2.051147
v 1.062953 0.357334 -2.353561
v 1.062953 0.532959 -2.352037
v 1.062953 0.347793 -2.102205
v 1.062953 0.348477 -2.181047
v 1.062953 0.481902 -2.045287
v 1.062953 0.403059 -2.045971
v 1.062953 0.538820 -2.179395
v 1.062953 0.538136 -2.100553
v 1.062953 0.404711 -2.236313
v 1.062953 0.483554 -2.235629
v 0.105458 0.442189 -3.000000
v 0.000000 0.442189 -3.000000
v 1.000000 0.480913 -3.000000
v 0.750000 0.442189 -3.000000
v 0.500000 0.442189 -3.000000
v 0.116439 0.442189 -3.000000
v 0.500000 0.700065 -3.000000
v 0.750000 0.700065 -3.000000
v 0.250000 0.700065 -3.000000
v 0.226423 0.737671 -3.000000
v 1.000000 0.604052 -2.666667
v 1.000000 0.700065 -3.007257
v 0.000000 0.700065 -3.000000
v 1.000000 0.442189 -2.666667
v 1.091178 0.699971 -3.065076
v 1.091178 0.480819 -3.057819
v 0.000000 0.699971 -3.057819
v 0.000000 0.480819 -3.057819
v 0.209285 0.699971 -3.057819
v 0.052236 0.501815 -3.057819
v 0.483731 0.681930 -3.057819
v 0.483731 0.501815 -3.057819
v 0.797214 0.699971 -3.057819
v 0.797214 0.480819 -3.057819
v 0.181562 0.699971 -3.057819
v 0.039324 0.501815 -3.057819
v 1.091178 0.578518 -2.732683
v 1.091178 0.480819 -2.732683
v 0.777381 1.299019 -3.056190
v 0.972619 1.299019 -3.056190
v 0.972619 1.059416 -3.056190
v 0.777381 1.059416 -3.056190
v 0.750000 1.326400 -3.056190
v 1.000000 1.326400 -3.056190
v 1.000000 1.032035 -3.056190
v 0.750000 1.032035 -3.056190
v 0.798097 1.278303 -3.049893
v 0.951903 1.278303 -3.049893
v 0.951903 1.080132 -3.049893
v 0.798097 1.080132 -3.049893
v 0.777381 1.299019 -3.026183
v 0.972619 1.299019 -3.026183
v 0.972619 1.059416 -3.026183
v 0.777381 1.059416 -3.026183
v 0.775290 1.006746 -3.053148
v 0.974710 1.006746 -3.053148
v 0.974710 0.989983 -3.053148
v 0.974710 0.947931 -3.053148
v 0.974710 0.905879 -3.053148
v 0.974710 0.863827 -3.053148
v 0.974710 0.821775 -3.053148
v 0.974710 0.805013 -3.053148
v 0.775290 0.989983 -3.053148
v 0.775290 0.947931 -3.053148
v 0.775290 0.905879 -3.053148
v 0.775290 0.863827 -3.053148
v 0.775290 0.821775 -3.053148
v 0.775290 0.805013 -3.053148
v 0.750000 1.032035 -3.053148
v 1.000000 1.032035 -3.053148
v 1.000000 0.989983 -3.053148
v 1.000000 0.947931 -3.053148
v 1.000000 0.905879 -3.053148
v 1.000000 0.863827 -3.053148
v 1.000000 0.821775 -3.053148
v 1.000000 0.779723 -3.053148
v 0.750000 0.989983 -3.053148
v 0.750000 0.947931 -3.053148
v 0.750000 0.905879 -3.053148
v 0.750000 0.863827 -3.053148
v 0.750000 0.821775 -3.053148
v 0.750000 0.779723 -3.053148
v 0.786982 0.821775 -3.029452
v 0.974710 0.821775 -3.021801
v 0.786982 0.863827 -3.029452
v 0.963018 0.863827 -3.029452
v 0.785337 0.915927 -3.036387
v 0.964663 0.915927 -3.036387
v 0.775290 0.947931 -3.021801
v 0.974710 0.947931 -3.021801
v 0.775290 0.989983 -3.021801
v 0.974710 0.989983 -3.021801
v 0.785337 0.996698 -3.036387
v 0.964663 0.996698 -3.036387
v 0.963018 0.816705 -3.029452
v 0.786982 0.816705 -3.029452
v 0.786982 0.894187 -3.029452
v 0.963018 0.894187 -3.029452
v 0.775290 1.006746 -3.021801
v 0.974710 1.006746 -3.021801
v 0.964663 0.989983 -3.036387
v 0.964663 0.947931 -3.036387
v 0.785337 0.989983 -3.036387
v 0.785337 0.947931 -3.036387
v 0.775290 0.905879 -3.021801
v 0.974710 0.905879 -3.021801
v 0.974710 0.863827 -3.021801
v 0.963018 0.821775 -3.029452
v 0.974710 0.805013 -3.021801
v 0.775290 0.863827 -3.021801
v 0.775290 0.821775 -3.021801
v 0.775290 0.805013 -3.021801
v 0.519518 0.442189 -1.019518
v 0.250000 0.442189 -1.000000
v 0.500000 0.442189 -1.666667
v 0.500000 0.442189 -2.000000
v 0.160959 0.442189 -1.666667
v 0.135957 0.442189 -2.001298
v 0.500000 0.442189 -0.666667
v 0.750000 0.442189 -1.000000
v 0.750000 0.442189 -0.666667
v 0.750000 0.442189 -1.333333
v 0.205480 0.442189 -1.333333
v 0.768708 0.442189 -1.658563
v 0.500000 0.442189 -2.333333
v 0.116439 0.442189 -2.333333
v 0.503249 0.699971 -3.057819
v 0.503249 0.480819 -3.057819
v 0.039324 0.480819 -3.057819
v 0.000000 0.501815 -3.057819
v 0.052236 0.480819 -3.057819
v 0.209285 0.681930 -3.057819
v 0.181562 0.681930 -3.057819
v 0.000000 0.681930 -3.057819
v 0.730482 0.442189 -1.015869
v 0.519518 0.442189 -1.035387
v 0.480482 0.442189 -2.015869
v 0.135957 0.442189 -2.017167
v 0.500000 0.442189 -1.349202
v 0.480482 0.442189 -1.663017
v 0.224826 0.442189 -1.351786
v 0.180306 0.442189 -1.685120
v 0.730482 0.442189 -1.349202
v 0.000000 0.681930 -3.073689
v 0.000000 0.501815 -3.073689
v 0.209285 0.681930 -3.073689
v 0.052236 0.501815 -3.073689
v 0.181562 0.681930 -3.073689
v 0.039324 0.501815 -3.073689
v 0.267085 0.442189 -1.035387
v 0.519518 0.442189 -0.702054
v 0.730482 0.442189 -0.702054
v 0.730482 0.442189 -1.663017
v 0.480482 0.442189 -2.329684
v 0.135957 0.442189 -2.329684
v 0.483731 0.681930 -3.073689
v 0.483731 0.501815 -3.073689
v 0.956561 1.359478 0.648608
v 0.956561 1.359478 0.952471
v 0.869160 2.078315 0.575589
v 0.869160 2.078315 0.842944
v 0.869160 2.078315 0.040880
v 0.956561 1.359478 0.040880
v 0.956561 1.359478 0.344744
v 0.869160 2.078315 0.308235
v 0.963868 1.364114 -0.346299
v 0.963868 1.364114 -0.044600
v 0.963868 1.364114 -0.823654
v 0.877364 2.075566 -0.737214
v 0.877364 2.075566 -0.317486
v 0.877364 2.075566 -0.044600
v 0.963868 1.364114 -0.647998
v 0.877364 2.075566 -0.590372
v 0.750000 1.364989 -0.855992
v 0.954347 1.364989 -0.855992
v 0.866848 2.084632 -0.768558
v 0.677047 2.068566 -0.778001
v 0.226423 1.364989 -0.855992
v 0.250000 1.381055 -0.861532
v 0.500000 1.381055 -0.861532
v 0.204399 2.084632 -0.768558
v 0.225682 2.068566 -0.778001
v 0.451365 2.084632 -0.768558
v 0.000000 1.381055 -0.861532
v 0.000000 2.084632 -0.768558
v 1.000000 0.442189 0.333333
v 1.000000 0.442189 0.000000
v 1.000000 0.737671 0.000000
v 0.902730 2.126400 0.585404
v 0.902730 2.126400 0.865479
v 1.000551 1.325297 0.985970
v 0.995066 1.366982 0.648608
v 0.995066 1.366982 0.952471
v 0.907664 2.085818 0.575589
v 0.907664 2.085818 0.842944
v 0.907664 2.085818 0.040880
v 0.995066 1.366982 0.040880
v 1.000000 1.032035 1.000000
v 1.000000 0.779723 0.000000
v 1.000000 0.948414 0.738351
v 1.000000 0.442189 0.616587
v 0.902730 2.126400 0.000000
v 0.902730 2.126400 0.292702
v 0.995066 1.366982 0.344744
v 0.907664 2.085818 0.308235
v 1.000000 0.682199 0.633982
v 1.000000 0.637830 0.616587
v 1.000000 1.032035 0.000000
v 1.000000 0.989983 0.000000
v 1.000000 0.947931 0.000000
v 1.000000 0.905879 0.000000
v 1.000000 0.863827 0.000000
v 1.000000 0.821775 0.000000
v 1.000000 0.904045 0.720956
v 1.000000 0.859676 0.703561
v 1.000000 0.815307 0.686166
v 1.000000 0.770938 0.668771
v 1.000000 0.726568 0.651376
v 1.000000 1.279589 0.236164
v 1.000000 1.210352 0.236164
v 1.000000 1.279589 0.286187
v 1.000000 1.210352 0.286187
v 0.966664 1.603300 0.945640
v 0.996221 1.365421 0.982679
v 0.966001 1.603300 0.928634
v 0.994290 1.365421 0.964085
v 1.000000 1.326400 0.000000
v -0.954347 1.366578 -0.869075
v -1.000000 0.442189 -1.000000
v -0.938570 1.380267 0.991792
v -1.000000 1.293619 0.222134
v -1.000000 0.456219 0.014030
v -0.963113 1.203411 1.872151
v -0.904423 2.112473 0.014030
v -0.854399 2.072533 0.873687
v -0.866848 2.086222 -0.781640
v -1.000000 0.442189 2.000000
v -1.000000 1.326400 -2.000000
v -0.920548 1.326400 -2.920548
v -1.000000 0.442189 -3.000000
v -1.000000 1.326400 1.000000
v -0.905124 2.112558 0.853615
v -0.938570 1.376799 0.969035
v -0.854399 2.069066 0.863556
v -0.996759 1.353054 0.026850
v -0.996394 1.351686 0.951964
v -0.994617 1.370674 -0.823654
v -0.908113 2.082126 -0.737214
v -0.905971 2.099746 0.026850
v -0.965006 1.617386 0.912379
v -0.994617 1.370674 -0.044600
v -0.996875 1.351174 0.999031
v -0.908113 2.082126 -0.044600
v -0.964301 1.617092 0.957662
v -0.969630 1.380182 0.061736
v -0.969630 1.380182 0.928224
v -0.887263 2.057612 0.061736
v -0.887263 2.057612 0.825005
v -1.000000 1.326400 -0.873957
v -1.000000 1.326400 0.014030
v -0.902730 2.126400 -0.776759
v -0.976901 1.385110 -0.799799
v -0.976901 1.385110 -0.065751
v -0.895503 2.054569 -0.718461
v -0.895503 2.054569 -0.065751
v -0.250000 0.442189 1.000000
v -0.500000 0.442189 1.000000
v -0.750000 0.442189 1.000000
v -0.250000 1.366578 -0.869075
v -0.500000 1.366578 -0.869075
v -0.750000 1.366578 -0.869075
v -0.730482 0.442189 -1.000000
v -0.500000 0.442189 -1.000000
v -0.267085 0.442189 -1.019518
v -0.750000 1.326400 1.000000
v -0.431644 1.333982 1.133604
v -0.250000 1.333982 1.133604
v -0.750000 0.442189 0.000000
v -0.500000 0.442189 0.000000
v -0.250000 0.442189 0.000000
v -0.225682 2.086222 -0.781640
v -0.451365 2.086222 -0.781640
v -0.677047 2.086222 -0.781640
v -0.677047 2.126400 0.865479
v -0.451365 2.126400 0.865479
v -0.225682 2.126400 0.865479
v -0.635229 2.162191 0.000000
v -0.250000 0.469411 1.995609
v -0.500000 0.469411 1.995609
v -0.750000 0.469411 1.995609
v -0.750000 1.203411 1.872151
v -0.536887 1.203411 1.872151
v -0.250000 1.275102 1.704328
v -0.500000 0.660819 -0.953408
v -0.250000 0.660819 -1.333333
v -0.250000 0.660819 -0.953408
v -0.750000 0.442189 -2.000000
v -0.480482 0.442189 -2.000000
v -0.116439 0.442189 -2.000000
v -0.250000 1.326400 -2.920548
v -0.500000 1.326400 -2.920548
v -0.750000 1.326400 -2.920548
v -0.750000 0.480913 -3.000000
v -0.500000 0.480913 -3.000000
v -0.116439 0.480913 -3.000000
v -0.703927 1.380267 0.991792
v -0.469285 1.380267 0.991792
v -0.234642 1.380267 0.991792
v -0.640799 2.072533 0.873687
v -0.427199 2.072533 0.873687
v -0.213600 2.072533 0.873687
v -0.703927 1.376799 0.969035
v -0.469285 1.376799 0.969035
v -0.234642 1.376799 0.969035
v -0.640799 2.069066 0.863556
v -0.427199 2.069066 0.863556
v -0.213600 2.069066 0.863556
v -1.000000 1.032035 -1.000000
v -1.000000 0.737671 -1.000000
v -1.000000 1.042281 0.985970
v -1.000000 1.196322 0.222134
v -1.000000 0.737671 0.014030
v -0.963113 1.010669 1.904570
v -1.000000 0.708800 1.955344
v -1.000000 1.032035 -2.000000
v -1.000000 1.032035 -3.000000
v -1.000000 0.737671 -3.000000
v -0.250000 1.032035 -3.000000
v -0.250000 0.737671 -3.000000
v -0.500000 1.032035 -3.000000
v -0.500000 0.737671 -3.000000
v -0.750000 1.032035 -3.000000
v -0.750000 0.737671 -3.000000
v -0.750000 0.978773 1.910688
v -0.750000 0.708800 1.955344
v -0.536887 1.010669 1.904570
v -0.473414 0.708793 1.955305
v -0.227741 1.083633 1.829247
v -0.367471 0.741298 1.886828
v -1.000000 0.469778 1.696005
v -1.000000 1.297529 1.288677
v -1.000000 1.268657 1.577355
v -0.750000 1.297529 1.288677
v -0.750000 1.268657 1.577355
v -0.431644 1.318473 1.288677
v -0.399579 1.289602 1.577355
v -0.250000 1.318473 1.288677
v -0.250000 1.289602 1.577355
v -0.250000 0.442189 1.333333
v -0.250000 0.442189 1.666667
v -0.500000 0.442189 1.333333
v -0.500000 0.442189 1.666667
v -0.750000 0.442189 1.333333
v -0.750000 0.442189 1.666667
v -1.000000 0.691046 1.719949
v -1.000000 1.012788 1.303563
v -1.000000 0.993541 1.607126
v -1.000000 1.239786 1.866032
v -0.750000 1.239786 1.866032
v -0.366726 1.275102 1.704328
v -1.000000 0.978773 1.910688
v -0.473414 0.978764 1.910637
v -0.750000 1.010669 1.904570
v -0.750000 1.195154 1.823060
v -0.750000 1.002412 1.855479
v -0.963113 1.195154 1.823060
v -0.536887 1.195154 1.823060
v -0.963113 1.002412 1.855479
v -0.536887 1.002412 1.855479
v -1.000000 1.237421 1.954511
v -0.750000 1.237421 1.954511
v -0.500000 1.237421 1.954511
v -1.000000 0.978773 1.954511
v -0.500000 0.978773 1.954511
v -0.750000 0.978773 1.954511
v -0.963113 1.212370 1.954511
v -0.750000 1.212370 1.954511
v -0.536887 1.212370 1.954511
v -0.963113 1.019628 1.954511
v -0.536887 1.019628 1.954511
v -0.750000 1.019628 1.954511
v -0.250000 1.326400 1.000000
v -0.250000 1.213573 1.870467
v -0.500000 1.326400 1.000000
v -0.473414 1.213573 1.870467
v -0.500000 1.268657 1.577355
v -0.500000 1.297529 1.288677
v -0.250000 1.116131 1.886831
v -0.442847 0.713886 1.954537
v -0.750000 0.442189 2.000000
v -1.000000 0.469778 1.997789
v -1.000000 0.442189 1.666667
v -0.250000 0.442189 2.000000
v -0.500000 0.442189 2.000000
v -0.500000 0.682695 1.959735
v -0.442847 0.682695 1.964720
v -0.750000 0.682695 1.959735
v -1.000000 0.682262 1.957157
v -1.000000 0.718423 1.636896
v -1.060568 0.682262 2.029424
v -1.060568 0.469778 2.034098
v -0.772977 0.682695 2.029720
v -0.772977 0.469411 2.033847
v -0.458366 0.655680 2.030243
v -0.458366 0.496427 2.033324
v -0.389056 0.655680 2.030243
v -0.197796 0.496427 2.033324
v -1.060568 0.469778 1.731692
v -1.060568 0.691046 1.759236
v -1.000000 1.293619 0.300217
v -1.000000 1.326400 0.666667
v -1.000000 0.456219 0.602557
v -1.000000 0.456219 0.333333
v -0.904423 2.112473 0.292702
v -0.904423 2.112473 0.585404
v -1.000000 1.326400 0.333333
v -0.996759 1.353054 0.344744
v -0.996759 1.353054 0.648608
v -0.905971 2.099746 0.308235
v -0.905971 2.099746 0.575589
v -0.969630 1.380182 0.344744
v -0.969630 1.380182 0.648608
v -0.887263 2.057612 0.308235
v -0.887263 2.057612 0.575589
v -0.635229 2.162191 0.292702
v -0.618783 2.162191 0.527139
v -0.451365 2.162191 0.543586
v -0.225682 2.162191 0.543586
v -0.250000 0.442189 0.333333
v -0.250000 0.442189 0.666667
v -0.500000 0.442189 0.333333
v -0.500000 0.442189 0.666667
v -0.750000 0.442189 0.333333
v -0.750000 0.442189 0.574336
v -1.000000 0.737671 0.333333
v -1.000000 0.640482 0.602557
v -1.000000 1.196322 0.300217
v -1.000000 0.959747 0.727725
v -1.000000 0.442189 -0.333333
v -1.000000 0.442189 -0.666667
v -1.000000 1.326400 -0.666667
v -1.000000 1.263499 -0.122862
v -0.902730 2.126400 -0.601868
v -0.902730 2.126400 -0.300934
v -1.000000 1.326400 -0.333333
v -0.994617 1.370674 -0.647998
v -0.994617 1.370674 -0.346299
v -0.908113 2.082126 -0.590372
v -0.908113 2.082126 -0.317486
v -0.976901 1.385110 -0.647998
v -0.976901 1.385110 -0.346299
v -0.895503 2.054569 -0.590372
v -0.895503 2.054569 -0.317486
v -0.618783 2.162191 -0.543603
v -0.635229 2.162191 -0.300934
v -0.451365 2.162191 -0.560050
v -0.225682 2.162191 -0.560050
v -0.250000 0.442189 -0.666667
v -0.250000 0.442189 -0.333333
v -0.519518 0.442189 -0.686185
v -0.500000 0.442189 -0.333333
v -0.730482 0.442189 -0.686185
v -0.750000 0.442189 -0.333333
v -1.000000 0.737671 -0.666667
v -1.000000 0.737671 -0.333333
v -1.000000 1.032035 -0.666667
v -1.000000 1.209448 -0.122862
v -1.000000 0.442189 -1.666667
v -1.000000 0.442189 -1.333333
v -0.920548 1.326400 -1.333333
v -0.920548 1.326400 -1.666667
v -0.750000 0.660819 -2.920548
v -0.750000 0.660819 -2.666667
v -0.500000 0.660819 -2.920548
v -0.500000 0.660819 -2.666667
v -0.250000 0.660819 -2.920548
v -0.730482 0.442189 -1.333333
v -0.730482 0.442189 -1.647148
v -0.480482 0.442189 -1.647148
v -0.224826 0.442189 -1.335917
v -0.180306 0.442189 -1.669251
v -1.000000 1.032035 -1.333333
v -1.000000 0.934040 -1.778649
v -1.000000 0.737671 -1.333333
v -1.000000 0.604052 -1.666667
v -0.920548 1.326400 -2.333333
v -0.920548 1.326400 -2.666667
v -0.250000 0.660819 -2.000000
v -1.000000 0.480913 -2.704273
v -0.750000 0.442189 -2.333333
v -0.750000 0.442189 -2.687096
v -0.480482 0.442189 -2.313815
v -0.500000 0.442189 -2.666667
v -0.135957 0.442189 -2.313815
v -0.116439 0.442189 -2.666667
v -0.250000 0.660819 -2.666667
v -0.750000 0.660819 -1.666667
v -0.500000 0.660819 -1.666667
v -0.250000 0.660819 -1.666667
v -0.750000 0.660819 -2.000000
v -0.500000 0.660819 -2.000000
v -1.000000 1.032035 -2.333333
v -1.000000 0.957712 -2.554414
v -1.000000 0.578612 -2.704273
v -1.000000 0.442189 1.558595
v -1.000000 1.283093 1.433016
v -0.750000 1.283093 1.433016
v -0.500000 1.283093 1.433016
v -0.250000 1.304037 1.433016
v -0.250000 0.442189 1.500000
v -0.500000 0.442189 1.500000
v -0.750000 0.442189 1.606873
v -1.000000 0.628290 1.575921
v -1.000000 0.920646 1.489320
v -0.415611 1.304037 1.433016
v -0.789334 0.637830 1.000000
v -0.789334 0.442189 1.000000
v -0.789334 0.604052 -2.000000
v -0.789334 0.442189 -2.000000
v -0.789334 0.442189 -2.333333
v -0.789334 1.032035 1.000000
v -0.789334 1.032035 -2.000000
v -0.789334 0.934040 -1.778649
v -0.789334 0.604052 -1.666667
v -0.789334 0.637830 0.616587
v -0.789334 0.948414 0.738351
v -0.789334 0.442189 1.333333
v -0.789334 0.631470 1.323497
v -0.789334 1.012788 1.303563
v -0.789334 0.442189 0.616587
v -0.789334 0.442189 -1.666667
v -0.789334 0.442189 -2.666667
v -0.789334 1.032035 -2.333333
v -0.789334 0.957712 -2.554414
v -0.789334 0.604052 -2.333333
v -0.789334 0.604052 -2.666667
v -0.789334 0.442189 1.558595
v -0.789334 0.628290 1.575921
v -0.789334 0.920646 1.489320
v -0.886079 1.409275 0.977188
v -0.805381 2.038272 0.876062
v -0.694350 1.409275 0.977188
v -0.469391 1.409275 0.977188
v -0.244432 1.409275 0.977188
v -0.633827 2.038272 0.876062
v -0.429043 2.038272 0.876062
v -0.224258 2.038272 0.876062
v -0.750000 1.326400 -0.953408
v -0.920548 1.326400 -0.953408
v -0.677047 2.126400 -0.776759
v -0.250000 1.326400 -0.953408
v -0.500000 1.326400 -0.953408
v -0.225682 2.126400 -0.776759
v -0.451365 2.126400 -0.776759
v -0.750000 1.381055 -0.861532
v -0.677047 2.084632 -0.768558
v -0.500000 1.364989 -0.855992
v -0.451365 2.068566 -0.778001
v -0.250000 1.364989 -0.855992
v -0.225682 2.084632 -0.768558
v -0.936092 1.381055 -0.861532
v -0.852499 2.068566 -0.778001
v -0.750000 1.326400 -0.873957
v -1.000000 1.326400 -2.666667
v -1.000000 1.326400 -3.000000
v -1.000000 1.326400 -1.666667
v -0.920548 1.326400 -2.000000
v -0.750000 1.326400 -3.000000
v -0.250000 1.326400 -0.873957
v -0.500000 1.326400 -0.873957
v -0.250000 1.326400 -3.000000
v -0.500000 1.326400 -3.000000
v -1.000000 1.326400 -1.333333
v -1.000000 1.326400 -2.333333
v -0.750000 1.070929 -2.000000
v -0.920548 1.070929 -2.000000
v -0.765084 0.988668 -1.755110
v -0.250000 1.070929 -2.920548
v -0.500000 1.070929 -2.920548
v -0.765084 0.988668 -2.578223
v -0.750000 1.070929 -2.920548
v -0.250000 1.070929 -0.953408
v -0.500000 1.070929 -0.953408
v -0.750000 1.070929 -0.953408
v -0.920548 1.070929 -1.333333
v -0.905465 0.988668 -1.755110
v -0.750000 1.070929 -2.333333
v -0.920548 1.070929 -2.333333
v -0.905465 0.988668 -2.578223
v -0.920548 1.070929 -0.953408
v -0.920548 1.070929 -2.920548
v -0.500000 0.660819 -1.333333
v -0.750000 0.660819 -0.953408
v -0.750000 0.660819 -1.333333
v -0.920548 0.660819 -1.333333
v -0.920548 0.660819 -1.666667
v -0.250000 0.660819 -2.333333
v -0.500000 0.660819 -2.333333
v -0.750000 0.660819 -2.333333
v -0.920548 0.660819 -2.666667
v -0.920548 0.660819 -0.953408
v -0.920548 0.660819 -2.920548
v -0.463778 0.682695 2.003134
v -0.485387 0.469411 2.033847
v -0.197796 0.469411 2.033847
v -0.427914 0.682695 2.003134
v -0.389056 0.656527 2.074039
v -0.197796 0.497274 2.077120
v -0.458366 0.656527 2.074039
v -0.458366 0.497274 2.077120
v -0.389056 0.682695 2.029720
v -0.416260 0.682695 1.959735
v -0.250000 1.239786 1.866032
v -0.500000 1.239786 1.866032
v -0.500000 0.978773 1.910688
v -0.500000 0.708800 1.955344
v -0.267958 1.142360 1.882487
v -0.416260 0.708800 1.955344
v -0.473414 0.682695 1.956989
v -0.485387 0.682695 2.029720
v -0.249651 1.118680 1.900325
v -0.415912 0.711348 1.968838
v -0.415912 0.685244 1.973228
v -0.267609 1.144909 1.895980
v -0.442498 0.716435 1.968030
v -0.442498 0.685244 1.978214
v -1.000000 0.989983 -1.000000
v -1.000000 0.947931 -1.000000
v -1.000000 0.905879 -1.000000
v -1.000000 0.863827 -1.000000
v -1.000000 0.821775 -1.000000
v -1.000000 0.779723 -1.000000
v -1.000000 0.989983 0.014030
v -1.000000 0.947931 0.014030
v -1.000000 0.905879 0.014030
v -1.000000 0.863827 0.014030
v -1.000000 0.821775 0.014030
v -1.000000 0.779723 0.014030
v -1.000000 0.940205 1.917068
v -1.000000 0.901638 1.923447
v -1.000000 0.863070 1.929826
v -1.000000 0.824503 1.936206
v -1.000000 0.785935 1.942585
v -1.000000 0.747367 1.948965
v -1.000000 0.989983 -3.000000
v -1.000000 0.947931 -3.000000
v -1.000000 0.905879 -3.000000
v -1.000000 0.863827 -3.000000
v -1.000000 0.821775 -3.000000
v -1.000000 0.779723 -3.000000
v -0.250000 0.989983 -3.000000
v -0.250000 0.947931 -3.000000
v -0.250000 0.905879 -3.000000
v -0.250000 0.863827 -3.000000
v -0.250000 0.821775 -3.000000
v -0.250000 0.779723 -3.000000
v -0.500000 0.989983 -3.000000
v -0.500000 0.947931 -3.000000
v -0.500000 0.905879 -3.000000
v -0.500000 0.863827 -3.000000
v -0.500000 0.821775 -3.000000
v -0.500000 0.779723 -3.000000
v -0.750000 0.989983 -3.000000
v -0.750000 0.947931 -3.000000
v -0.750000 0.905879 -3.000000
v -0.750000 0.863827 -3.000000
v -0.750000 0.821775 -3.000000
v -0.750000 0.779723 -3.000000
v -0.750000 0.940205 1.917068
v -0.750000 0.901638 1.923447
v -0.750000 0.863070 1.929826
v -0.750000 0.824503 1.936206
v -0.750000 0.785935 1.942585
v -0.750000 0.747367 1.948965
v -0.500000 0.940205 1.917068
v -0.500000 0.901638 1.923447
v -0.500000 0.863070 1.929826
v -0.500000 0.824503 1.936206
v -0.500000 0.785935 1.942585
v -0.500000 0.747367 1.948965
v -0.273751 1.057941 1.896619
v -0.297503 0.999751 1.906406
v -0.321254 0.941561 1.916194
v -0.345006 0.883371 1.925981
v -0.368757 0.825180 1.935769
v -0.392509 0.766990 1.945557
v -1.000000 0.954238 1.611378
v -1.000000 0.914936 1.615631
v -1.000000 0.875633 1.619884
v -1.000000 0.836331 1.624137
v -1.000000 0.797028 1.628390
v -1.000000 0.757726 1.632643
v -0.247702 1.034728 1.837473
v -0.267664 0.985823 1.845699
v -0.287625 0.936918 1.853925
v -0.307587 0.888013 1.862150
v -0.327548 0.839108 1.870376
v -0.347510 0.790203 1.878602
v -1.000000 0.989983 0.333333
v -1.000000 0.947931 0.333333
v -1.000000 0.905879 0.333333
v -1.000000 0.863827 0.333333
v -1.000000 0.821775 0.333333
v -1.000000 0.779723 0.333333
v -1.000000 0.909166 0.707894
v -1.000000 0.864797 0.690499
v -1.000000 0.820428 0.673104
v -1.000000 0.776059 0.655709
v -1.000000 0.731689 0.638314
v -1.000000 0.687320 0.620919
v -1.000000 0.989983 -0.666667
v -1.000000 0.947931 -0.666667
v -1.000000 0.905879 -0.666667
v -1.000000 0.863827 -0.666667
v -1.000000 0.821775 -0.666667
v -1.000000 0.779723 -0.666667
v -1.000000 0.989983 -0.333333
v -1.000000 0.947931 -0.333333
v -1.000000 0.905879 -0.333333
v -1.000000 0.863827 -0.333333
v -1.000000 0.821775 -0.333333
v -1.000000 0.779723 -0.333333
v -1.000000 0.779723 -1.333333
v -1.000000 0.821775 -1.333333
v -1.000000 0.863827 -1.333333
v -1.000000 0.905879 -1.333333
v -1.000000 0.947931 -1.333333
v -1.000000 0.989983 -1.333333
v -1.000000 0.651193 -1.682664
v -1.000000 0.698334 -1.698662
v -1.000000 0.745476 -1.714659
v -1.000000 0.792617 -1.730657
v -1.000000 0.839758 -1.746654
v -1.000000 0.886899 -1.762651
v -1.000000 0.654575 -2.650630
v -1.000000 0.705098 -2.634594
v -1.000000 0.755621 -2.618558
v -1.000000 0.806144 -2.602522
v -1.000000 0.856666 -2.586486
v -1.000000 0.907189 -2.570450
v -1.000000 0.878881 1.501691
v -1.000000 0.837116 1.514063
v -1.000000 0.795351 1.526435
v -1.000000 0.753586 1.538806
v -1.000000 0.711821 1.551178
v -1.000000 0.670056 1.563550
v -0.789334 0.975720 1.000000
v -0.789334 0.919405 1.000000
v -0.789334 0.863090 1.000000
v -0.789334 0.806775 1.000000
v -0.789334 0.750460 1.000000
v -0.789334 0.694145 1.000000
v -0.789334 0.970895 -2.000000
v -0.789334 0.909755 -2.000000
v -0.789334 0.848614 -2.000000
v -0.789334 0.787474 -2.000000
v -0.789334 0.726333 -2.000000
v -0.789334 0.665193 -2.000000
v -0.789334 0.958314 1.306410
v -0.789334 0.903840 1.309258
v -0.789334 0.849366 1.312106
v -0.789334 0.794892 1.314954
v -0.789334 0.740418 1.317801
v -0.789334 0.685944 1.320649
v -0.789334 0.904045 0.720956
v -0.789334 0.859676 0.703561
v -0.789334 0.815307 0.686166
v -0.789334 0.770938 0.668771
v -0.789334 0.726568 0.651376
v -0.789334 0.682199 0.633982
v -0.789334 0.651193 -1.682664
v -0.789334 0.698334 -1.698662
v -0.789334 0.745476 -1.714659
v -0.789334 0.792617 -1.730657
v -0.789334 0.839758 -1.746654
v -0.789334 0.886899 -1.762651
v -0.789334 0.665193 -2.333333
v -0.789334 0.726333 -2.333333
v -0.789334 0.787474 -2.333333
v -0.789334 0.848614 -2.333333
v -0.789334 0.909755 -2.333333
v -0.789334 0.970895 -2.333333
v -0.789334 0.654575 -2.650630
v -0.789334 0.705098 -2.634594
v -0.789334 0.755621 -2.618558
v -0.789334 0.806144 -2.602522
v -0.789334 0.856666 -2.586486
v -0.789334 0.907189 -2.570450
v -0.789334 0.878881 1.501691
v -0.789334 0.837116 1.514063
v -0.789334 0.795351 1.526435
v -0.789334 0.753586 1.538806
v -0.789334 0.711821 1.551178
v -0.789334 0.670056 1.563550
v -0.473414 0.940197 1.917018
v -0.473414 0.901630 1.923399
v -0.473414 0.863062 1.929780
v -0.473414 0.824495 1.936162
v -0.473414 0.785928 1.942543
v -0.473414 0.747361 1.948924
v -0.292942 1.081150 1.892780
v -0.317926 1.019939 1.903073
v -0.342910 0.958729 1.913365
v -0.367894 0.897518 1.923658
v -0.392878 0.836307 1.933951
v -0.417862 0.775097 1.944244
v -0.273403 1.060490 1.910112
v -0.297154 1.002299 1.919900
v -0.320906 0.944109 1.929687
v -0.344657 0.885919 1.939475
v -0.368409 0.827729 1.949262
v -0.392160 0.769538 1.959050
v -0.292593 1.083698 1.906273
v -0.317577 1.022488 1.916566
v -0.342562 0.961277 1.926859
v -0.367546 0.900066 1.937152
v -0.392530 0.838856 1.947445
v -0.417514 0.777645 1.957737
v -0.226423 0.442189 -1.000000
v -0.226423 1.326400 1.000000
v -0.226423 0.442189 0.000000
v -0.204399 2.126400 0.865479
v -0.226423 1.239786 1.866032
v -0.105458 0.442189 -2.000000
v -0.105458 0.480913 -3.000000
v -0.212514 1.380267 0.991792
v -0.193456 2.072533 0.873687
v -0.212514 1.376799 0.969035
v -0.193456 2.069066 0.863556
v -0.226423 0.442189 1.000000
v -0.226423 1.326400 -0.873957
v -0.204399 2.126400 -0.776759
v -0.226423 0.442189 2.000000
v -0.226423 1.326400 -3.000000
v -0.226423 0.660819 -1.666667
v -0.226423 0.660819 -1.333333
v -0.226423 0.700065 -3.000000
v -0.226423 1.032035 -3.000000
v -0.377004 0.708800 1.955344
v -0.226423 1.116131 1.886831
v -0.226423 0.442189 1.333333
v -0.226423 0.442189 1.666667
v -0.226423 1.318473 1.288677
v -0.226423 1.289602 1.577355
v -0.226423 1.333982 1.133604
v -0.226423 1.275102 1.704328
v -0.332816 0.741298 1.886828
v -0.206263 1.083633 1.829247
v -0.226423 0.469411 1.995609
v -0.377004 0.682695 1.959735
v -0.179142 0.469411 2.033847
v -0.352365 0.682695 2.029720
v -0.226423 0.442189 0.333333
v -0.226423 0.442189 0.666667
v -0.204399 2.162191 0.543586
v -0.226423 0.442189 -0.666667
v -0.226423 0.442189 -0.333333
v -0.204399 2.162191 -0.560050
v -0.186101 0.442189 -1.333333
v -0.145780 0.442189 -1.666667
v -0.226423 0.660819 -2.000000
v -0.105458 0.442189 -2.333333
v -0.105458 0.442189 -2.666667
v -0.226423 1.304037 1.433016
v -0.226423 0.442189 1.500000
v -0.226423 1.366578 -0.869075
v -0.204399 2.086222 -0.781640
v -0.226423 1.381055 -0.861532
v -0.204399 2.068566 -0.778001
v -0.226423 1.326400 -0.953408
v -0.226423 1.326400 -2.920548
v -0.226423 1.070929 -0.953408
v -0.226423 1.070929 -2.920548
v -0.226423 0.660819 -2.333333
v -0.226423 0.660819 -2.666667
v -0.226423 0.660819 -0.953408
v -0.226423 0.660819 -2.920548
v -0.179142 0.496427 2.033324
v -0.352365 0.655680 2.030243
v -0.179142 0.497274 2.077120
v -0.352365 0.656527 2.074039
v -0.226423 1.213572 1.870465
v -0.242687 1.142359 1.882481
v -0.376688 0.711348 1.968838
v -0.226108 1.118680 1.900325
v -0.376688 0.685244 1.973228
v -0.242372 1.144908 1.895974
v -0.314737 0.790203 1.878602
v -0.296658 0.839108 1.870376
v -0.278579 0.888013 1.862150
v -0.260500 0.936918 1.853925
v -0.242421 0.985823 1.845699
v -0.224342 1.034728 1.837473
v -0.226423 0.779723 -3.000000
v -0.226423 0.821775 -3.000000
v -0.226423 0.863827 -3.000000
v -0.226423 0.905879 -3.000000
v -0.226423 0.947931 -3.000000
v -0.226423 0.989983 -3.000000
v -0.283922 0.797073 1.919447
v -0.268939 0.845978 1.911221
v -0.253955 0.894883 1.902995
v -0.238972 0.943788 1.894770
v -0.223988 0.992693 1.886544
v -0.209005 1.041598 1.878318
v -0.677047 2.162191 -0.300934
v -0.677047 2.162191 0.000000
v -0.677047 2.162191 0.292702
v -0.677047 2.162191 0.585404
v -0.225682 2.162191 0.585404
v -0.451365 2.162191 0.585404
v -0.204399 2.162191 0.585404
v -0.677047 2.162191 -0.601868
v -0.225682 2.162191 -0.601868
v -0.451365 2.162191 -0.601868
v -0.204399 2.162191 -0.601868
v -0.677047 2.193370 -0.300934
v -0.677047 2.193370 0.000000
v -0.677047 2.193370 0.292702
v -0.677047 2.193370 0.585404
v -0.225682 2.193370 0.585404
v -0.451365 2.193370 0.585404
v -0.204399 2.193370 0.585404
v -0.677047 2.193370 -0.601868
v -0.225682 2.193370 -0.601868
v -0.451365 2.193370 -0.601868
v -0.204399 2.193370 -0.601868
v -0.635229 2.193370 -0.300934
v -0.635229 2.193370 0.000000
v -0.635229 2.193370 0.292702
v -0.635229 2.193370 0.543586
v -0.225682 2.193370 0.543586
v -0.451365 2.193370 0.543586
v -0.204399 2.193370 0.543586
v -0.635229 2.193370 -0.560050
v -0.225682 2.193370 -0.560050
v -0.451365 2.193370 -0.560050
v -0.204399 2.193370 -0.560050
v -0.618783 2.162191 -0.300934
v -0.618783 2.162191 0.000000
v -0.618783 2.162191 0.292702
v -0.635229 2.162191 0.543586
v -0.225682 2.162191 0.527139
v -0.451365 2.162191 0.527139
v -0.204399 2.162191 0.527139
v -0.635229 2.162191 -0.560050
v -0.225682 2.162191 -0.543603
v -0.451365 2.162191 -0.543603
v -0.204399 2.162191 -0.543603
v -0.204399 2.201978 0.000000
v -0.225682 2.201978 0.000000
v -0.451365 2.201978 0.000000
v -0.618783 2.187959 0.000000
v -0.451365 2.201978 -0.300934
v -0.225682 2.201978 -0.300934
v -0.451365 2.201978 0.292702
v -0.451365 2.187959 0.527139
v -0.225682 2.201978 0.292702
v -0.225682 2.187959 0.527139
v -0.618783 2.187959 0.292702
v -0.204399 2.201978 0.292702
v -0.451365 2.187959 -0.543603
v -0.225682 2.187959 -0.543603
v -0.618783 2.187959 -0.300934
v -0.204399 2.201978 -0.300934
v -0.204399 2.187959 -0.543603
v -0.204399 2.187959 0.527139
v -0.618783 2.187959 0.527139
v -0.618783 2.187959 -0.543603
v -1.000000 1.263499 -0.061837
v -1.000000 1.209448 -0.061837
v -1.000000 1.032035 0.333333
v -1.053633 1.279589 0.236164
v -1.053633 1.210352 0.236164
v -1.053633 1.279589 0.294552
v -1.053633 1.210352 0.294552
v -1.093302 1.279589 0.211791
v -1.093302 1.210352 0.211791
v -1.084373 1.279589 0.279058
v -1.084373 1.210352 0.279058
v -1.060820 1.266939 0.021814
v -1.060820 1.243902 0.021814
v -1.088109 1.266939 0.021814
v -1.088109 1.243902 0.021814
v -0.905477 2.099686 0.855002
v -0.996092 1.352973 0.968767
v -1.026506 1.603300 0.945640
v -1.026506 1.365421 0.982679
v -1.026506 1.603300 0.928634
v -1.026506 1.365421 0.964085
v -1.033186 1.711303 0.939902
v -1.033186 1.331542 0.999033
v -1.057946 1.686736 0.916419
v -1.057946 1.356098 0.965684
v -1.190884 1.710795 0.939902
v -1.218658 1.332051 0.999033
v -1.190884 1.710795 0.912753
v -1.218658 1.332051 0.969348
v -1.274920 1.667825 0.939902
v -1.274920 1.361011 0.999033
v -1.250159 1.652848 0.915646
v -1.250168 1.376061 0.967263
v -1.047326 1.694886 0.961646
v -1.047326 1.353655 1.014778
v -1.189024 1.694429 0.961646
v -1.213980 1.354112 1.014778
v -1.264535 1.655819 0.961646
v -1.264535 1.380133 1.014778
v -1.033186 1.711303 0.912753
v -1.033186 1.331542 0.969348
v -1.212692 1.356511 0.965606
v -1.184962 1.686366 0.916686
v -1.274920 1.667825 0.912753
v -1.274920 1.361011 0.969348
v -1.185087 1.688841 0.932395
v -1.212818 1.358986 0.981314
v -1.058071 1.689211 0.932127
v -1.058071 1.358573 0.981392
v -1.250284 1.655323 0.931354
v -1.250293 1.378536 0.982972
v -1.000000 1.032035 0.014030
v -1.000000 1.032035 -0.333333
v -1.026817 1.210352 0.244122
v -1.026817 1.210352 0.298327
v -1.026817 1.279589 0.244122
v -1.026817 1.279589 0.298327
v -1.065300 1.274102 0.151815
v -1.065300 1.231392 0.151815
v -1.096907 1.274102 0.137033
v -1.096907 1.231392 0.137033
v -1.058304 1.263499 -0.122862
v -1.058304 1.263499 -0.057822
v -1.058304 1.209448 -0.057822
v -1.058304 1.209448 -0.122862
v -1.087994 1.263499 -0.122862
v -1.080551 1.263499 -0.076881
v -1.080551 1.209448 -0.076881
v -1.087994 1.209448 -0.122862
v -1.058304 1.261995 -0.194487
v -1.058304 1.230413 -0.194182
v -1.087994 1.261995 -0.194487
v -1.087994 1.230413 -0.194182
v -1.058304 1.256545 -0.264442
v -1.058304 1.232149 -0.264746
v -1.087994 1.256545 -0.264442
v -1.087994 1.232149 -0.264746
v -1.029152 1.209448 -0.115593
v -1.029152 1.209448 -0.050553
v -1.029152 1.263499 -0.050553
v -1.029152 1.263499 -0.115593
v -1.000000 1.315419 1.109799
v -0.750000 1.315419 1.109799
v -0.500000 1.315419 1.109799
v -0.250000 1.328083 1.192586
v -0.250000 0.442189 1.126783
v -0.500000 0.442189 1.126783
v -0.750000 0.442189 1.126783
v -1.000000 1.024715 1.115460
v -0.431644 1.328083 1.192586
v -0.789334 0.442189 1.126783
v -0.789334 0.635411 1.123042
v -0.789334 1.024715 1.115460
v -0.789334 0.691026 1.121959
v -0.789334 0.746641 1.120876
v -0.789334 0.802256 1.119793
v -0.789334 0.857870 1.118710
v -0.789334 0.913485 1.117626
v -0.789334 0.969100 1.116543
v -0.226423 1.328083 1.192586
v -0.226423 0.442189 1.126783
v -0.801762 0.271139 0.655456
v -1.028453 0.404711 0.986015
v -0.801762 0.020287 0.901991
v -1.028453 0.348477 1.041281
v -0.801762 0.017235 1.253696
v -1.028453 0.347793 1.120124
v -0.801762 0.263769 1.504548
v -1.028453 0.403059 1.176358
v -0.801762 0.615474 1.507600
v -1.028453 0.481902 1.177042
v -0.801762 0.866326 1.261066
v -1.028453 0.538136 1.121776
v -0.801762 0.869378 0.909361
v -1.028453 0.538820 1.042933
v -0.801762 0.622844 0.658509
v -1.028453 0.483554 0.986699
v -1.169908 0.053493 0.916084
v -1.169908 0.284654 0.688902
v -1.169908 0.050680 1.240181
v -1.169908 0.277862 1.471342
v -1.169908 0.601959 1.474154
v -1.169908 0.833120 1.246972
v -1.169908 0.835933 0.922875
v -1.169908 0.608751 0.691715
v -1.169908 0.169240 0.965209
v -1.169908 0.331762 0.805484
v -1.169908 0.167262 1.193073
v -1.169908 0.326988 1.355595
v -1.169908 0.554851 1.357572
v -1.169908 0.717373 1.197847
v -1.169908 0.719351 0.969984
v -1.169908 0.559625 0.807462
v -1.028453 0.232070 0.991875
v -1.028453 0.357334 0.868767
v -1.028453 0.230546 1.167501
v -1.028453 0.353654 1.292765
v -1.028453 0.529279 1.294289
v -1.028453 0.654543 1.171181
v -1.028453 0.656067 0.995556
v -1.028453 0.532959 0.870292
v -1.088789 0.370220 1.050509
v -1.088789 0.413561 1.007915
v -1.088789 0.369693 1.111274
v -1.088789 0.412287 1.154615
v -1.088789 0.473052 1.155142
v -1.088789 0.516393 1.112547
v -1.088789 0.516920 1.051782
v -1.088789 0.474326 1.008442
v -1.146419 0.020287 0.901991
v -1.146419 0.271139 0.655456
v -1.146419 0.017235 1.253696
v -1.146419 0.263769 1.504548
v -1.146419 0.615474 1.507600
v -1.146419 0.866326 1.261066
v -1.146419 0.869378 0.909361
v -1.146419 0.622844 0.658509
v -1.146419 0.202446 0.979303
v -1.146419 0.345277 0.838930
v -1.146419 0.200708 1.179558
v -1.146419 0.341081 1.322389
v -1.146419 0.541336 1.324127
v -1.146419 0.684167 1.183754
v -1.146419 0.685905 0.983499
v -1.146419 0.545532 0.840668
v -1.078762 0.348477 1.041281
v -1.078762 0.404711 0.986015
v -1.078762 0.347793 1.120124
v -1.078762 0.403059 1.176358
v -1.078762 0.481902 1.177042
v -1.078762 0.538136 1.121776
v -1.078762 0.538820 1.042933
v -1.078762 0.483554 0.986699
v -1.050005 0.230546 1.167501
v -1.050005 0.232070 0.991875
v -1.050005 0.529279 1.294289
v -1.050005 0.353654 1.292765
v -1.050005 0.656067 0.995556
v -1.050005 0.654543 1.171181
v -1.050005 0.357334 0.868767
v -1.050005 0.532959 0.870292
v -1.050005 0.347793 1.120124
v -1.050005 0.348477 1.041281
v -1.050005 0.481902 1.177042
v -1.050005 0.403059 1.176358
v -1.050005 0.538820 1.042933
v -1.050005 0.538136 1.121776
v -1.050005 0.404711 0.986015
v -1.050005 0.483554 0.986699
v -0.814710 0.271139 -2.566872
v -1.041400 0.404711 -2.236313
v -0.814710 0.020287 -2.320337
v -1.041400 0.348477 -2.181047
v -0.814710 0.017235 -1.968632
v -1.041400 0.347793 -2.102205
v -0.814710 0.263769 -1.717781
v -1.041400 0.403059 -2.045971
v -0.814710 0.615474 -1.714728
v -1.041400 0.481902 -2.045287
v -0.814710 0.866326 -1.961262
v -1.041400 0.538136 -2.100553
v -0.814710 0.869379 -2.312968
v -1.041400 0.538820 -2.179395
v -0.814710 0.622844 -2.563819
v -1.041400 0.483554 -2.235629
v -1.182855 0.053493 -2.306244
v -1.182855 0.284654 -2.533426
v -1.182855 0.050680 -1.982147
v -1.182855 0.277863 -1.750987
v -1.182855 0.601960 -1.748174
v -1.182855 0.833120 -1.975356
v -1.182855 0.835933 -2.299453
v -1.182855 0.608751 -2.530613
v -1.182855 0.169240 -2.257119
v -1.182855 0.331762 -2.416844
v -1.182855 0.167263 -2.029256
v -1.182855 0.326988 -1.866734
v -1.182855 0.554851 -1.864756
v -1.182855 0.717373 -2.024481
v -1.182855 0.719351 -2.252344
v -1.182855 0.559626 -2.414866
v -1.041400 0.232070 -2.230453
v -1.041400 0.357334 -2.353561
v -1.041400 0.230546 -2.054827
v -1.041400 0.353654 -1.929563
v -1.041400 0.529279 -1.928039
v -1.041400 0.654543 -2.051147
v -1.041400 0.656068 -2.226773
v -1.041400 0.532959 -2.352037
v -1.101736 0.370220 -2.171819
v -1.101736 0.413561 -2.214413
v -1.101736 0.369693 -2.111054
v -1.101736 0.412287 -2.067714
v -1.101736 0.473053 -2.067186
v -1.101736 0.516393 -2.109781
v -1.101736 0.516920 -2.170546
v -1.101736 0.474326 -2.213886
v -1.159366 0.020287 -2.320337
v -1.159366 0.271139 -2.566872
v -1.159366 0.017235 -1.968632
v -1.159366 0.263769 -1.717781
v -1.159366 0.615474 -1.714728
v -1.159366 0.866326 -1.961262
v -1.159366 0.869379 -2.312968
v -1.159366 0.622844 -2.563819
v -1.159366 0.202446 -2.243026
v -1.159366 0.345277 -2.383398
v -1.159366 0.200708 -2.042770
v -1.159366 0.341081 -1.899940
v -1.159366 0.541336 -1.898201
v -1.159366 0.684167 -2.038574
v -1.159366 0.685905 -2.238830
v -1.159366 0.545532 -2.381660
v -1.091709 0.348477 -2.181047
v -1.091709 0.404711 -2.236313
v -1.091709 0.347793 -2.102205
v -1.091709 0.403059 -2.045971
v -1.091709 0.481902 -2.045287
v -1.091709 0.538136 -2.100553
v -1.091709 0.538820 -2.179395
v -1.091709 0.483554 -2.235629
v -1.062953 0.230546 -2.054827
v -1.062953 0.232070 -2.230453
v -1.062953 0.529279 -1.928039
v -1.062953 0.353654 -1.929563
v -1.062953 0.656068 -2.226773
v -1.062953 0.654543 -2.051147
v -1.062953 0.357334 -2.353561
v -1.062953 0.532959 -2.352037
v -1.062953 0.347793 -2.102205
v -1.062953 0.348477 -2.181047
v -1.062953 0.481902 -2.045287
v -1.062953 0.403059 -2.045971
v -1.062953 0.538820 -2.179395
v -1.062953 0.538136 -2.100553
v -1.062953 0.404711 -2.236313
v -1.062953 0.483554 -2.235629
v -0.105458 0.442189 -3.000000
v -1.000000 0.480913 -3.000000
v -0.750000 0.442189 -3.000000
v -0.500000 0.442189 -3.000000
v -0.116439 0.442189 -3.000000
v -0.500000 0.700065 -3.000000
v -0.750000 0.700065 -3.000000
v -0.250000 0.700065 -3.000000
v -0.226423 0.737671 -3.000000
v -1.000000 0.604052 -2.666667
v -1.000000 0.700065 -3.007257
v -1.000000 0.442189 -2.666667
v -1.091178 0.699971 -3.065076
v -1.091178 0.480819 -3.057819
v -0.209285 0.699971 -3.057819
v -0.052236 0.501815 -3.057819
v -0.483731 0.681930 -3.057819
v -0.483731 0.501815 -3.057819
v -0.797214 0.699971 -3.057819
v -0.797214 0.480819 -3.057819
v -0.181562 0.699971 -3.057819
v -0.039324 0.501815 -3.057819
v -1.091178 0.578518 -2.732683
v -1.091178 0.480819 -2.732683
v -0.777381 1.299019 -3.056190
v -0.972619 1.299019 -3.056190
v -0.972619 1.059416 -3.056190
v -0.777381 1.059416 -3.056190
v -0.750000 1.326400 -3.056190
v -1.000000 1.326400 -3.056190
v -1.000000 1.032035 -3.056190
v -0.750000 1.032035 -3.056190
v -0.798097 1.278303 -3.049893
v -0.951903 1.278303 -3.049893
v -0.951903 1.080132 -3.049893
v -0.798097 1.080132 -3.049893
v -0.777381 1.299019 -3.026183
v -0.972619 1.299019 -3.026183
v -0.972619 1.059416 -3.026183
v -0.777381 1.059416 -3.026183
v -0.775290 1.006746 -3.053148
v -0.974710 1.006746 -3.053148
v -0.974710 0.989983 -3.053148
v -0.974710 0.947931 -3.053148
v -0.974710 0.905879 -3.053148
v -0.974710 0.863827 -3.053148
v -0.974710 0.821775 -3.053148
v -0.974710 0.805013 -3.053148
v -0.775290 0.989983 -3.053148
v -0.775290 0.947931 -3.053148
v -0.775290 0.905879 -3.053148
v -0.775290 0.863827 -3.053148
v -0.775290 0.821775 -3.053148
v -0.775290 0.805013 -3.053148
v -0.750000 1.032035 -3.053148
v -1.000000 1.032035 -3.053148
v -1.000000 0.989983 -3.053148
v -1.000000 0.947931 -3.053148
v -1.000000 0.905879 -3.053148
v -1.000000 0.863827 -3.053148
v -1.000000 0.821775 -3.053148
v -1.000000 0.779723 -3.053148
v -0.750000 0.989983 -3.053148
v -0.750000 0.947931 -3.053148
v -0.750000 0.905879 -3.053148
v -0.750000 0.863827 -3.053148
v -0.750000 0.821775 -3.053148
v -0.750000 0.779723 -3.053148
v -0.786982 0.821775 -3.029452
v -0.974710 0.821775 -3.021801
v -0.786982 0.863827 -3.029452
v -0.963018 0.863827 -3.029452
v -0.785337 0.915927 -3.036387
v -0.964663 0.915927 -3.036387
v -0.775290 0.947931 -3.021801
v -0.974710 0.947931 -3.021801
v -0.775290 0.989983 -3.021801
v -0.974710 0.989983 -3.021801
v -0.785337 0.996698 -3.036387
v -0.964663 0.996698 -3.036387
v -0.963018 0.816705 -3.029452
v -0.786982 0.816705 -3.029452
v -0.786982 0.894187 -3.029452
v -0.963018 0.894187 -3.029452
v -0.775290 1.006746 -3.021801
v -0.974710 1.006746 -3.021801
v -0.964663 0.989983 -3.036387
v -0.964663 0.947931 -3.036387
v -0.785337 0.989983 -3.036387
v -0.785337 0.947931 -3.036387
v -0.775290 0.905879 -3.021801
v -0.974710 0.905879 -3.021801
v -0.974710 0.863827 -3.021801
v -0.963018 0.821775 -3.029452
v -0.974710 0.805013 -3.021801
v -0.775290 0.863827 -3.021801
v -0.775290 0.821775 -3.021801
v -0.775290 0.805013 -3.021801
v -0.519518 0.442189 -1.019518
v -0.250000 0.442189 -1.000000
v -0.500000 0.442189 -1.666667
v -0.500000 0.442189 -2.000000
v -0.160959 0.442189 -1.666667
v -0.135957 0.442189 -2.001298
v -0.500000 0.442189 -0.666667
v -0.750000 0.442189 -1.000000
v -0.750000 0.442189 -0.666667
v -0.750000 0.442189 -1.333333
v -0.205480 0.442189 -1.333333
v -0.768708 0.442189 -1.658563
v -0.500000 0.442189 -2.333333
v -0.116439 0.442189 -2.333333
v -0.503249 0.699971 -3.057819
v -0.503249 0.480819 -3.057819
v -0.039324 0.480819 -3.057819
v -0.052236 0.480819 -3.057819
v -0.209285 0.681930 -3.057819
v -0.181562 0.681930 -3.057819
v -0.730482 0.442189 -1.015869
v -0.519518 0.442189 -1.035387
v -0.480482 0.442189 -2.015869
v -0.135957 0.442189 -2.017167
v -0.500000 0.442189 -1.349202
v -0.480482 0.442189 -1.663017
v -0.224826 0.442189 -1.351786
v -0.180306 0.442189 -1.685120
v -0.730482 0.442189 -1.349202
v -0.209285 0.681930 -3.073689
v -0.052236 0.501815 -3.073689
v -0.181562 0.681930 -3.073689
v -0.039324 0.501815 -3.073689
v -0.267085 0.442189 -1.035387
v -0.519518 0.442189 -0.702054
v -0.730482 0.442189 -0.702054
v -0.730482 0.442189 -1.663017
v -0.480482 0.442189 -2.329684
v -0.135957 0.442189 -2.329684
v -0.483731 0.681930 -3.073689
v -0.483731 0.501815 -3.073689
v -0.956561 1.359478 0.648608
v -0.956561 1.359478 0.952471
v -0.869160 2.078315 0.575589
v -0.869160 2.078315 0.842944
v -0.869160 2.078315 0.040880
v -0.956561 1.359478 0.040880
v -0.956561 1.359478 0.344744
v -0.869160 2.078315 0.308235
v -0.963868 1.364114 -0.346299
v -0.963868 1.364114 -0.044600
v -0.963868 1.364114 -0.823654
v -0.877364 2.075566 -0.737214
v -0.877364 2.075566 -0.317486
v -0.877364 2.075566 -0.044600
v -0.963868 1.364114 -0.647998
v -0.877364 2.075566 -0.590372
v -0.750000 1.364989 -0.855992
v -0.954347 1.364989 -0.855992
v -0.866848 2.084632 -0.768558
v -0.677047 2.068566 -0.778001
v -0.226423 1.364989 -0.855992
v -0.250000 1.381055 -0.861532
v -0.500000 1.381055 -0.861532
v -0.204399 2.084632 -0.768558
v -0.225682 2.068566 -0.778001
v -0.451365 2.084632 -0.768558
v -1.000000 0.442189 0.333333
v -1.000000 0.442189 0.000000
v -1.000000 0.737671 0.000000
v -0.902730 2.126400 0.585404
v -0.902730 2.126400 0.865479
v -1.000551 1.325297 0.985970
v -0.995066 1.366982 0.648608
v -0.995066 1.366982 0.952471
v -0.907664 2.085818 0.575589
v -0.907664 2.085818 0.842944
v -0.907664 2.085818 0.040880
v -0.995066 1.366982 0.040880
v -1.000000 1.032035 1.000000
v -1.000000 0.779723 0.000000
v -1.000000 0.948414 0.738351
v -1.000000 0.442189 0.616587
v -0.902730 2.126400 0.000000
v -0.902730 2.126400 0.292702
v -0.995066 1.366982 0.344744
v -0.907664 2.085818 0.308235
v -1.000000 0.682199 0.633982
v -1.000000 0.637830 0.616587
v -1.000000 1.032035 0.000000
v -1.000000 0.989983 0.000000
v -1.000000 0.947931 0.000000
v -1.000000 0.905879 0.000000
v -1.000000 0.863827 0.000000
v -1.000000 0.821775 0.000000
v -1.000000 0.904045 0.720956
v -1.000000 0.859676 0.703561
v -1.000000 0.815307 0.686166
v -1.000000 0.770938 0.668771
v -1.000000 0.726568 0.651376
v -1.000000 1.279589 0.236164
v -1.000000 1.210352 0.236164
v -1.000000 1.279589 0.286187
v -1.000000 1.210352 0.286187
v -0.966664 1.603300 0.945640
v -0.996221 1.365421 0.982679
v -0.966001 1.603300 0.928634
v -0.994290 1.365421 0.964085
v -1.000000 1.326400 0.000000
vn 1.0000 -0.0000 -0.0000
vn -0.0000 -1.0000 -0.0000
vn -0.9928 -0.1190 -0.0145
vn -0.0000 0.9919 0.1268
vn -0.0000 -0.9461 0.3238
vn -0.0002 0.1663 0.9861
vn -0.0000 0.9935 0.1135
vn -0.0000 1.0000 -0.0000
vn -0.0000 -0.0000 1.0000
vn -0.0000 1.0000 -0.0016
vn -0.0000 0.1506 0.9886
vn -0.0177 0.1661 0.9860
vn -0.9929 -0.1180 0.0180
vn -0.0000 0.9886 -0.1506
vn 0.2087 -0.9780 -0.0000
vn 0.9925 0.1221 0.0021
vn 0.9927 0.1207 -0.0000
vn -0.0000 0.1539 0.9881
vn -0.1913 0.9815 -0.0000
vn 0.0287 -0.1472 -0.9887
vn 0.1913 -0.9815 -0.0000
vn -0.2087 0.9780 -0.0000
vn -0.0000 -0.0000 -1.0000
vn 0.0251 -0.1176 0.9927
vn -0.0000 0.9950 0.0995
vn -1.0000 -0.0000 -0.0000
vn -0.0000 0.9861 -0.1659
vn -0.0008 0.1686 0.9857
vn 0.1566 0.9877 -0.0000
vn -0.0000 0.9927 0.1206
vn -0.0000 -0.9927 -0.1206
vn 0.5055 0.0928 -0.8578
vn -0.0050 0.1632 0.9866
vn -0.0000 0.1632 0.9866
vn -0.0000 -1.0000 0.0016
vn -0.0000 0.1659 0.9861
vn -0.0000 0.0927 -0.9957
vn -0.0000 -0.3214 -0.9470
vn -0.0000 -0.9941 0.1081
vn -0.0000 0.9843 -0.1766
vn -0.0000 0.9996 0.0267
vn -0.0000 -0.9861 0.1659
vn -0.0000 0.9984 -0.0567
vn -0.0000 0.9770 0.2134
vn 0.2015 0.9659 0.1624
vn 0.2916 0.9518 0.0952
vn 0.2398 0.9660 0.0966
vn -0.8405 -0.2634 0.4735
vn -0.0000 0.9035 0.4285
vn -0.0000 -0.8709 0.4915
vn -0.0088 0.0799 0.9968
vn -0.0000 0.1592 0.9872
vn 0.0278 0.3103 0.9502
vn -0.0000 -0.9826 0.1856
vn -0.0000 -0.9998 0.0193
vn -0.0000 0.0193 0.9998
vn -0.0009 0.0220 0.9998
vn -0.0000 0.9998 -0.0193
vn 0.0015 -1.0000 -0.0009
vn 0.0015 1.0000 -0.0013
vn -0.0240 0.9990 0.0370
vn 0.9996 0.0272 -0.0026
vn -0.0000 0.9797 -0.2005
vn -0.0000 -0.3650 0.9310
vn -0.9975 0.0557 -0.0427
vn -0.9987 0.0353 -0.0355
vn -0.0000 -0.9980 -0.0633
vn -0.0000 -0.9479 0.3187
vn -0.0000 -0.3025 0.9531
vn -0.0000 -0.2840 -0.9588
vn -0.0000 -0.9144 -0.4048
vn -0.0000 -0.8958 -0.4444
vn -0.0000 -0.9525 0.3044
vn -0.0000 0.1587 0.9873
vn -0.0000 0.1206 -0.9927
vn -0.0000 0.9479 0.3184
vn -0.9982 -0.0320 -0.0517
vn -0.9989 0.0460 -0.0000
vn -0.0000 0.2605 -0.9655
vn -0.9981 -0.0000 -0.0615
vn -0.0000 0.2605 0.9655
vn -0.0000 0.9479 -0.3184
vn -0.0001 0.1667 0.9860
vn -0.0000 0.1668 0.9860
vn -0.0019 0.1686 0.9857
vn -0.0016 0.1632 0.9866
vn -0.0000 0.9826 -0.1856
vn 0.9997 0.0079 0.0243
vn -0.9275 -0.3709 0.0461
vn -0.0015 0.0644 0.9979
vn -0.0022 0.1650 0.9863
vn -0.0002 0.1638 0.9865
vn -0.1818 0.1631 0.9697
vn 0.9275 0.3708 -0.0461
vn -0.0346 -0.9822 0.1846
vn 0.9276 0.3708 -0.0461
vn 0.9275 0.3709 -0.0461
vn -0.0016 0.1652 0.9863
vn -0.0017 0.1651 0.9863
vn -0.0019 0.1651 0.9863
vn -0.0020 0.1651 0.9863
vn -0.0021 0.1650 0.9863
vn -0.9276 -0.3708 0.0461
vn -0.0020 0.1632 0.9866
vn -0.0019 0.1632 0.9866
vn -0.0018 0.1632 0.9866
vn -0.0017 0.1632 0.9866
vn 0.8202 0.3758 0.4313
vn 0.0024 0.1632 0.9866
vn -0.0031 0.1632 0.9866
vn -0.0039 0.1632 0.9866
vn -0.0044 0.1633 0.9866
vn -0.0048 0.1632 0.9866
vn -0.0002 0.1636 0.9865
vn -0.0001 0.1659 0.9861
vn -0.0000 0.9035 0.4286
vn -0.0002 0.1664 0.9861
vn 0.8668 0.3756 0.3280
vn 0.7700 0.3719 0.5184
vn 0.0834 0.9965 -0.0000
vn -0.0000 0.9982 0.0597
vn -0.0000 0.9983 -0.0577
vn -0.9994 -0.0000 0.0344
vn -0.2845 -0.0000 -0.9587
vn 0.1394 -0.0000 0.9902
vn 0.9913 -0.0000 0.1316
vn 0.4501 -0.0000 0.8930
vn -0.0253 0.9982 -0.0541
vn 0.9971 -0.0000 -0.0761
vn -0.0000 -0.9942 -0.1079
vn -0.9916 -0.1260 -0.0294
vn -0.9897 -0.1295 -0.0616
vn -0.9867 -0.1623 -0.0053
vn 0.7422 -0.0517 -0.6682
vn -0.9981 0.0617 -0.0000
vn -0.0000 -0.1474 -0.9891
vn 0.0027 -1.0000 -0.0000
vn 0.0318 -0.1473 -0.9886
vn -0.9811 -0.1934 -0.0000
vn -0.8536 0.0801 0.5147
vn 0.4553 0.8904 -0.0000
vn 0.0026 0.7989 0.6015
vn 0.0032 1.0000 -0.0000
vn -1.0000 0.0014 0.0077
vn -0.4536 0.8809 -0.1352
vn 0.4577 -0.8891 -0.0000
vn 0.8783 0.0905 0.4695
vn 0.0005 0.1539 0.9881
vn 0.0816 0.1596 0.9838
vn 0.2683 -0.5213 0.8101
vn 0.0016 -0.5807 0.8141
vn -0.8016 0.0920 0.5907
vn 0.3714 0.7263 0.5784
vn 0.0002 -0.1474 -0.9891
vn 0.0004 -0.1480 -0.9890
vn 0.0016 -0.1593 -0.9872
vn -0.0286 -0.1833 -0.9826
vn -0.0532 -0.1040 -0.9932
vn 0.1085 -0.1244 -0.9863
vn -0.0001 -0.1467 -0.9892
vn 0.1378 -0.1816 -0.9737
vn -0.0027 0.9878 -0.1556
vn -0.4508 -0.8812 0.1424
vn -0.0032 -0.9878 0.1556
vn 1.0000 -0.0012 -0.0078
vn -0.4124 -0.0000 0.9110
vn 0.2845 -0.0000 -0.9587
vn -0.1283 -0.9530 -0.2744
vn 0.9988 -0.0000 0.0482
vn -0.0435 0.9965 -0.0708
vn -0.9906 -0.0000 -0.1370
vn -0.2419 -0.0000 -0.9703
vn 0.2419 -0.0000 0.9703
vn 0.9871 -0.0000 0.1598
vn -0.0000 0.9998 -0.0210
vn 0.6506 -0.0000 0.7594
vn -0.0000 -0.9594 -0.2820
vn -0.0000 0.0125 -0.9999
vn -0.0000 -0.9997 -0.0246
vn -0.0000 0.9970 -0.0777
vn -0.3610 -0.0000 0.9326
vn 0.2419 -0.0000 -0.9703
vn -0.0000 -0.7009 -0.7132
vn -0.0000 -1.0000 -0.0087
vn -0.0000 -0.7132 0.7009
vn -0.0000 -0.0087 1.0000
vn -0.0000 0.7009 0.7132
vn -0.0000 1.0000 0.0087
vn -0.0000 0.7132 -0.7009
vn -0.0000 0.0087 -1.0000
vn 0.2444 0.6797 0.6916
vn 0.2444 0.9696 0.0084
vn 0.2444 0.6916 -0.6797
vn 0.2444 0.0084 -0.9696
vn 0.2444 -0.6797 -0.6916
vn 0.2444 -0.9696 -0.0084
vn 0.2444 -0.6916 0.6797
vn 0.2444 -0.0084 0.9696
vn -0.0000 0.3907 -0.9205
vn -0.0000 -0.9272 0.3746
vn -0.0000 0.9205 0.3907
vn 0.8174 -0.4038 -0.4109
vn 0.8174 -0.5761 -0.0050
vn 0.8174 -0.4109 0.4038
vn 0.8174 -0.0050 0.5761
vn 0.8174 0.4038 0.4109
vn 0.8174 0.5761 0.0050
vn 0.8174 0.4109 -0.4038
vn 0.8174 0.0050 -0.5761
vn 0.9087 -0.2926 -0.2978
vn 0.9087 -0.4175 -0.0036
vn 0.9087 -0.2978 0.2926
vn 0.9087 -0.0036 0.4175
vn 0.9087 0.2926 0.2978
vn 0.9087 0.4175 0.0036
vn 0.9087 0.2978 -0.2927
vn 0.9087 0.0036 -0.4175
vn -0.0000 0.3747 0.9272
vn -0.0000 -0.9205 -0.3907
vn -0.0000 0.9272 -0.3746
vn -0.0000 -0.3907 0.9205
vn -0.0000 -0.3747 -0.9272
vn -0.0285 0.1894 -0.9815
vn 0.2136 0.9176 0.3353
vn -0.0000 1.0000 -0.0017
vn -0.0010 -1.0000 -0.0000
vn 0.2975 -0.0000 0.9547
vn -0.0000 0.7531 -0.6580
vn 0.7531 -0.0000 -0.6580
vn -0.7531 -0.0000 -0.6580
vn -0.0000 -0.7531 -0.6580
vn -0.0000 -0.8235 -0.5673
vn -0.0000 0.8235 -0.5673
vn 0.8235 -0.0000 -0.5673
vn -0.8235 -0.0000 -0.5673
vn -0.0000 0.5475 -0.8368
vn 0.5475 -0.0000 -0.8368
vn -0.5475 -0.0000 -0.8368
vn -0.0000 -0.5475 -0.8368
vn 0.8456 -0.5338 -0.0000
vn 0.7528 0.6583 -0.0000
vn 0.7973 0.0969 -0.5958
vn 0.7904 0.1851 0.5840
vn 0.8496 -0.5274 -0.0000
vn 0.7957 0.1675 -0.5821
vn 0.7567 0.6538 -0.0000
vn 0.8012 0.0974 0.5904
vn 0.7567 0.6537 -0.0000
vn -0.0000 -0.3260 -0.9454
vn 0.4123 0.1591 -0.8971
vn -0.0000 0.5067 -0.8621
vn -0.0000 0.3763 0.9265
vn -0.0000 -0.2435 0.9699
vn 0.2565 0.1760 0.9504
vn 0.9854 0.1704 -0.0000
vn 0.9917 0.1251 0.0291
vn 0.9971 0.0755 0.0021
vn 0.9914 0.1259 0.0351
vn 0.9905 0.1301 0.0454
vn 0.9919 0.1229 0.0329
vn 0.9994 0.0346 -0.0098
vn 0.9959 0.0889 0.0161
vn 0.9928 -0.1190 -0.0145
vn 0.0002 0.1663 0.9861
vn 0.0177 0.1661 0.9860
vn 0.9927 -0.1140 0.0390
vn -0.2087 -0.9780 -0.0000
vn -0.9925 0.1221 0.0021
vn -0.9927 0.1207 -0.0000
vn 0.1913 0.9815 -0.0000
vn -0.0287 -0.1472 -0.9887
vn -0.1913 -0.9815 -0.0000
vn 0.2087 0.9780 -0.0000
vn -0.0251 -0.1176 0.9927
vn 0.0008 0.1686 0.9857
vn -0.1566 0.9877 -0.0000
vn -0.1554 0.9799 0.1252
vn -0.5055 0.0928 -0.8578
vn 0.0050 0.1632 0.9866
vn -0.2015 0.9659 0.1624
vn -0.2916 0.9518 0.0952
vn -0.2027 0.9719 0.1197
vn 0.8405 -0.2634 0.4735
vn 0.0088 0.0799 0.9968
vn -0.2447 0.0624 0.9676
vn -0.0104 0.0682 0.9976
vn 0.0009 0.0220 0.9998
vn -0.0015 -1.0000 -0.0009
vn -0.0017 1.0000 -0.0006
vn 0.0240 0.9990 0.0370
vn -0.9929 0.1193 0.0018
vn -0.2391 0.9632 0.1229
vn 0.9982 -0.0320 -0.0517
vn 0.9981 -0.0000 0.0615
vn 0.9981 -0.0000 -0.0615
vn 0.9985 -0.0345 0.0424
vn 0.0001 0.1667 0.9860
vn 0.0020 0.1686 0.9857
vn 0.0016 0.1632 0.9866
vn -0.9997 0.0079 0.0243
vn 0.9276 -0.3708 0.0461
vn 0.0015 0.0644 0.9979
vn 0.0023 0.1649 0.9863
vn 0.0002 0.1638 0.9865
vn 0.0305 0.3102 0.9502
vn -0.9275 0.3708 -0.0461
vn 0.0346 -0.9822 0.1846
vn -0.9276 0.3708 -0.0461
vn -0.9275 0.3709 -0.0461
vn 0.0016 0.1652 0.9863
vn 0.0017 0.1651 0.9863
vn 0.0019 0.1651 0.9863
vn 0.0020 0.1650 0.9863
vn 0.0021 0.1650 0.9863
vn 0.0022 0.1650 0.9863
vn 0.9275 -0.3709 0.0461
vn 0.9275 -0.3708 0.0461
vn 0.0019 0.1632 0.9866
vn 0.0018 0.1632 0.9866
vn 0.0017 0.1632 0.9866
vn -0.8202 0.3758 0.4313
vn -0.0024 0.1632 0.9866
vn 0.0031 0.1632 0.9866
vn 0.0039 0.1632 0.9866
vn 0.0044 0.1633 0.9866
vn 0.0048 0.1632 0.9866
vn 0.0002 0.1636 0.9865
vn 0.0001 0.1659 0.9861
vn 0.0002 0.1664 0.9861
vn -0.8668 0.3756 0.3280
vn -0.7700 0.3719 0.5184
vn -0.0834 0.9965 -0.0000
vn -0.0833 0.9947 0.0595
vn 0.9994 -0.0000 0.0344
vn -0.1394 -0.0000 0.9902
vn -0.9913 -0.0000 0.1316
vn -0.4501 -0.0000 0.8930
vn 0.0253 0.9982 -0.0541
vn -0.9971 -0.0000 -0.0761
vn 0.0441 -0.9946 -0.0942
vn 0.9916 -0.1260 -0.0294
vn 0.9929 -0.1186 -0.0088
vn -0.9894 0.1449 -0.0085
vn -0.9921 0.1244 0.0163
vn 0.9981 0.0617 -0.0000
vn -0.0027 -1.0000 -0.0000
vn -0.0318 -0.1473 -0.9886
vn 0.9811 -0.1934 -0.0000
vn 0.8536 0.0801 0.5146
vn -0.4553 0.8904 -0.0000
vn -0.0026 0.7989 0.6015
vn -0.0032 1.0000 -0.0000
vn 1.0000 0.0014 0.0078
vn 0.4536 0.8809 -0.1352
vn -0.4577 -0.8891 -0.0000
vn -0.8783 0.0905 0.4695
vn -0.0005 0.1539 0.9881
vn -0.0816 0.1596 0.9838
vn -0.2683 -0.5213 0.8101
vn -0.0016 -0.5807 0.8141
vn 0.8016 0.0920 0.5907
vn -0.3714 0.7263 0.5784
vn 0.0001 -0.1513 -0.9885
vn -0.0016 -0.1593 -0.9872
vn 0.0286 -0.1833 -0.9826
vn 0.0866 -0.1379 -0.9867
vn -0.1085 -0.1244 -0.9863
vn -0.0017 -0.1474 -0.9891
vn 0.0948 -0.1538 -0.9835
vn 0.0027 0.9878 -0.1556
vn 0.4508 -0.8812 0.1424
vn 0.0032 -0.9878 0.1556
vn -1.0000 -0.0012 -0.0078
vn 0.4124 -0.0000 0.9110
vn 0.1595 -0.9524 -0.2596
vn -0.9988 -0.0000 0.0482
vn 0.0435 0.9965 -0.0708
vn 0.9906 -0.0000 -0.1370
vn -0.2419 -0.0000 0.9703
vn -0.9871 -0.0000 0.1598
vn -0.6506 -0.0000 0.7594
vn 0.3610 -0.0000 0.9326
vn -0.2444 0.6797 0.6916
vn -0.2444 0.9696 0.0084
vn -0.2444 0.6916 -0.6797
vn -0.2444 0.0084 -0.9696
vn -0.2444 -0.6797 -0.6916
vn -0.2444 -0.9696 -0.0084
vn -0.2444 -0.6916 0.6797
vn -0.2444 -0.0084 0.9696
vn -0.8174 -0.4038 -0.4109
vn -0.8174 -0.5761 -0.0050
vn -0.8174 -0.4109 0.4038
vn -0.8174 -0.0050 0.5761
vn -0.8174 0.4038 0.4109
vn -0.8174 0.5761 0.0050
vn -0.8174 0.4109 -0.4038
vn -0.8174 0.0050 -0.5761
vn -0.9087 -0.2926 -0.2978
vn -0.9087 -0.4175 -0.0036
vn -0.9087 -0.2978 0.2926
vn -0.9087 -0.0036 0.4175
vn -0.9087 0.2926 0.2978
vn -0.9087 0.4175 0.0036
vn -0.9087 0.2978 -0.2926
vn -0.9087 0.0036 -0.4175
vn 0.0285 0.1894 -0.9815
vn -0.9860 -0.1669 -0.0000
vn -0.1161 0.9219 0.3696
vn 0.0010 -1.0000 -0.0000
vn -0.2975 -0.0000 0.9547
vn -0.0000 0.5476 -0.8368
vn -0.0000 -0.5476 -0.8368
vn -0.9988 0.0483 -0.0000
vn -0.8456 -0.5338 -0.0000
vn -0.7528 0.6583 -0.0000
vn -0.7973 0.0969 -0.5958
vn -0.7904 0.1851 0.5840
vn -0.8496 -0.5274 -0.0000
vn -0.7957 0.1675 -0.5821
vn -0.7567 0.6537 -0.0000
vn -0.8012 0.0974 0.5904
vn -0.7567 0.6538 -0.0000
vn -0.4123 0.1591 -0.8971
vn -0.2565 0.1760 0.9504
vn -0.9927 0.1207 -0.0026
vn -0.9917 0.1251 0.0291
vn -0.9971 0.0755 0.0021
vn -0.9880 0.1543 0.0018
vn -0.9907 0.1274 0.0471
vn -0.9992 -0.0019 0.0394
vn -0.9882 0.1329 0.0762
vn -0.9912 0.1241 0.0469
vn -0.9994 0.0346 -0.0098
vn -0.9959 0.0889 0.0161
vn 1.0000 -0.0019 -0.0017
vn 0.0153 0.1676 0.9857
vn -0.9927 -0.1140 0.0390
vn 0.9874 0.1584 -0.0012
vn -0.2086 0.9780 -0.0000
vn -0.0000 0.1664 0.9861
vn 0.1554 0.9799 0.1252
vn 0.5413 0.1039 -0.8344
vn -0.0046 0.1640 0.9864
vn 0.1415 0.9850 0.0985
vn 0.2027 0.9719 0.1197
vn 0.2447 0.0624 0.9676
vn 0.0104 0.0682 0.9976
vn 0.0011 0.0193 0.9998
vn 0.0013 -1.0000 -0.0021
vn 0.0017 1.0000 -0.0006
vn -0.0387 0.9987 0.0325
vn 0.9929 0.1193 0.0018
vn 0.1535 0.9681 -0.1981
vn 0.2086 -0.9780 -0.0000
vn -0.9975 0.0557 0.0427
vn -0.9989 0.0372 0.0285
vn 0.2391 0.9632 0.1229
vn -0.9981 -0.0000 0.0615
vn -0.9985 -0.0345 0.0424
vn -0.0020 0.1686 0.9857
vn -0.0015 0.1632 0.9866
vn -0.1013 0.1650 0.9811
vn -0.0023 0.1649 0.9863
vn -0.0305 0.3102 0.9502
vn -0.0017 0.1652 0.9863
vn -0.0020 0.1650 0.9863
vn -0.9275 -0.3708 0.0461
vn 0.8570 0.3292 0.3963
vn -0.0004 0.1657 0.9862
vn -0.0029 0.1647 0.9863
vn -0.0035 0.1644 0.9864
vn -0.0040 0.1642 0.9864
vn -0.0043 0.1641 0.9864
vn -0.0000 0.1636 0.9865
vn -0.0000 0.1667 0.9860
vn -0.0001 0.1664 0.9861
vn 0.9023 0.3242 0.2843
vn 0.8060 0.3296 0.4916
vn 0.0833 0.9947 0.0595
vn 0.0833 0.9949 -0.0575
vn -0.0000 0.9981 -0.0620
vn -0.0441 -0.9946 -0.0942
vn -0.9910 -0.1272 -0.0420
vn -0.9929 -0.1186 -0.0088
vn 0.9894 0.1449 -0.0085
vn 0.9921 0.1244 0.0163
vn -0.8536 0.0801 0.5146
vn -0.0004 0.1542 0.9880
vn -0.0969 0.1884 0.9773
vn -0.0002 -0.1474 -0.9891
vn -0.0001 -0.1513 -0.9885
vn -0.0005 -0.1481 -0.9890
vn -0.0052 -0.1814 -0.9834
vn -0.0866 -0.1379 -0.9867
vn 0.0385 -0.0748 -0.9965
vn 0.0017 -0.1474 -0.9891
vn -0.0948 -0.1538 -0.9835
vn -0.1595 -0.9524 -0.2596
vn -0.0350 0.9966 -0.0748
vn -0.0000 -0.9272 0.3747
vn 0.9087 -0.2978 0.2927
vn 0.9087 0.2978 -0.2926
vn -0.0000 0.9272 -0.3747
vn -0.0000 -0.3746 -0.9272
vn 0.9860 -0.1669 -0.0000
vn -0.0247 -0.0331 -0.9991
vn 0.1161 0.9219 0.3696
vn 0.9988 0.0483 -0.0000
vn -0.0000 0.5068 -0.8621
vn 0.1390 0.1746 0.9748
vn 0.9927 0.1207 -0.0026
vn 0.9904 0.1288 0.0496
vn 0.9880 0.1543 0.0018
vn 0.9907 0.1274 0.0471
vn 0.9992 -0.0019 0.0394
vn 0.9882 0.1329 0.0762
vn 0.9912 0.1241 0.0469
vn 0.9664 0.2366 -0.1003
vn 0.9789 0.2010 -0.0382
vn -1.0000 -0.0019 -0.0017
vn -0.0153 0.1676 0.9857
vn 0.9929 -0.1180 0.0180
vn -0.9874 0.1584 -0.0012
vn 0.2086 0.9780 -0.0000
vn -0.5413 0.1039 -0.8344
vn 0.0046 0.1640 0.9864
vn -0.1415 0.9850 0.0985
vn -0.2398 0.9660 0.0966
vn -0.0278 0.3103 0.9502
vn -0.0011 0.0193 0.9998
vn -0.0013 -1.0000 -0.0021
vn -0.0015 1.0000 -0.0013
vn 0.0387 0.9987 0.0325
vn -0.9996 0.0272 -0.0026
vn -0.1535 0.9681 -0.1981
vn -0.2086 -0.9780 -0.0000
vn 0.9975 0.0557 0.0427
vn 0.9989 0.0372 0.0285
vn 0.9975 0.0557 -0.0427
vn 0.9987 0.0353 -0.0355
vn 0.9989 0.0460 -0.0000
vn 0.0019 0.1686 0.9857
vn 0.0015 0.1632 0.9866
vn 0.1013 0.1650 0.9811
vn 0.1818 0.1631 0.9697
vn 0.0017 0.1652 0.9863
vn 0.0020 0.1651 0.9863
vn 0.0020 0.1632 0.9866
vn -0.8570 0.3292 0.3963
vn 0.0004 0.1657 0.9862
vn 0.0029 0.1647 0.9863
vn 0.0035 0.1644 0.9864
vn 0.0040 0.1642 0.9864
vn 0.0043 0.1641 0.9864
vn 0.0001 0.1664 0.9861
vn -0.9023 0.3242 0.2843
vn -0.8060 0.3296 0.4916
vn -0.0833 0.9949 -0.0575
vn 0.9910 -0.1272 -0.0420
vn 0.9897 -0.1295 -0.0616
vn 0.9867 -0.1623 -0.0053
vn -0.7422 -0.0517 -0.6682
vn 0.8536 0.0801 0.5147
vn 1.0000 0.0014 0.0077
vn 0.0004 0.1542 0.9880
vn 0.0969 0.1884 0.9773
vn -0.0004 -0.1480 -0.9890
vn 0.0005 -0.1481 -0.9890
vn 0.0052 -0.1814 -0.9834
vn 0.0532 -0.1040 -0.9932
vn -0.0385 -0.0748 -0.9965
vn 0.0001 -0.1467 -0.9892
vn -0.1378 -0.1816 -0.9737
vn 0.0032 -0.9878 0.1557
vn 0.1283 -0.9530 -0.2744
vn 0.0350 0.9966 -0.0748
vn -0.9087 -0.2978 0.2927
vn -0.9087 0.2978 -0.2927
vn 0.0247 -0.0331 -0.9991
vn -0.2136 0.9176 0.3353
vn -0.1390 0.1746 0.9748
vn -0.9854 0.1704 -0.0000
vn -0.9904 0.1288 0.0496
vn -0.9914 0.1259 0.0351
vn -0.9905 0.1301 0.0454
vn -0.9919 0.1229 0.0329
vn -0.9664 0.2366 -0.1003
vn -0.9789 0.2010 -0.0382
vt 0.514366 0.374055
vt 0.514366 0.706197
vt 0.514366 0.430120
vt 0.514366 0.404129
vt 0.514366 0.513960
vt 0.514366 0.456548
vt 0.514366 0.599531
vt 0.514366 0.903396
vt 0.514366 0.483895
vt 0.514366 0.569975
vt 0.514366 0.540389
vt 0.514366 0.208195
vt 0.514366 0.877412
s 0
usemtl base
f 217/1/1 110/1/1 247/1/1
f 281/2/2 680/2/2 716/2/2
f 194/2/2 192/2/2 152/2/2
f 15/3/3 1288/3/3 1289/3/3
f 922/4/2 908/4/2 923/4/2
f 248/2/2 68/2/2 275/2/2
f 779/1/4 678/1/4 774/1/4
f 30/3/5 685/3/5 683/3/5
f 738/1/6 458/1/6 739/1/6
f 155/1/1 156/1/1 159/1/1
f 135/1/7 702/1/7 700/1/7
f 84/4/8 85/4/8 86/4/8
f 426/4/8 318/4/8 424/4/8
f 1320/2/9 352/2/9 1314/2/9
f 118/5/1 1157/5/1 393/5/1
f 308/2/2 1124/2/2 719/2/2
f 693/6/10 1142/6/10 1148/6/10
f 682/1/11 181/1/11 676/1/11
f 13/1/11 74/1/11 99/1/11
f 3/1/12 1303/1/12 13/1/12
f 3/3/13 34/3/13 33/3/13
f 3/3/14 102/3/14 96/3/14
f 43/3/15 1283/3/15 261/3/15
f 1310/3/9 1275/3/9 1276/3/9
f 861/1/16 217/1/16 227/1/16
f 39/1/17 222/1/17 228/1/17
f 35/1/17 12/1/17 39/1/17
f 1337/6/18 862/6/18 1336/6/18
f 45/7/17 232/7/17 230/7/17
f 1310/3/19 1277/3/19 1317/3/19
f 1306/3/20 1274/3/20 1308/3/20
f 1308/3/21 1273/3/21 1307/3/21
f 41/1/17 257/1/17 259/1/17
f 37/1/17 51/1/17 38/1/17
f 38/1/17 254/1/17 260/1/17
f 43/1/17 1340/1/17 41/1/17
f 262/7/17 54/7/17 264/7/17
f 37/3/22 1285/3/22 258/3/22
f 41/3/23 1284/3/23 43/3/23
f 37/3/24 1282/3/24 1281/3/24
f 98/3/14 684/3/14 682/3/14
f 97/3/14 104/3/14 98/3/14
f 96/3/14 103/3/14 97/3/14
f 101/1/11 678/1/11 683/1/11
f 100/1/11 76/1/11 101/1/11
f 99/1/11 75/1/11 100/1/11
f 3/1/11 65/1/11 27/1/11
f 96/1/11 184/1/11 65/1/11
f 97/1/11 180/1/11 184/1/11
f 311/2/2 24/2/2 1137/2/2
f 311/2/2 1128/2/2 1127/2/2
f 315/2/2 1128/2/2 313/2/2
f 690/1/23 122/1/23 694/1/23
f 401/1/23 124/1/23 122/1/23
f 402/1/23 126/1/23 124/1/23
f 425/4/8 424/4/8 84/4/8
f 290/4/8 291/4/8 292/4/8
f 292/4/8 293/4/8 316/4/8
f 316/4/8 733/4/8 731/4/8
f 317/4/8 321/4/8 318/4/8
f 318/4/8 305/4/8 319/4/8
f 142/1/25 156/1/25 140/1/25
f 186/1/25 157/1/25 142/1/25
f 146/1/7 158/1/7 144/1/7
f 11/5/26 166/5/26 113/5/26
f 161/5/27 167/5/27 130/5/27
f 185/1/28 456/1/28 160/1/28
f 99/3/5 34/3/5 13/3/5
f 100/3/5 105/3/5 99/3/5
f 101/3/5 106/3/5 100/3/5
f 768/1/29 1315/1/29 255/1/29
f 1302/1/8 74/1/8 1303/1/8
f 773/1/4 74/1/4 771/1/4
f 772/1/4 75/1/4 773/1/4
f 271/2/2 677/2/2 713/2/2
f 273/2/2 70/2/2 271/2/2
f 275/2/2 69/2/2 273/2/2
f 59/3/30 385/3/30 60/3/30
f 72/3/31 388/3/31 71/3/31
f 61/3/30 1288/3/30 1/3/30
f 148/2/2 689/2/2 698/2/2
f 150/2/2 196/2/2 148/2/2
f 152/2/2 197/2/2 150/2/2
f 1228/2/2 87/2/2 1237/2/2
f 1144/8/8 1259/8/8 1245/8/8
f 239/2/2 686/2/2 710/2/2
f 241/2/2 56/2/2 239/2/2
f 241/2/2 58/2/2 57/2/2
f 153/9/32 214/9/32 136/9/32
f 160/1/33 657/1/33 651/1/33
f 78/9/2 438/9/2 440/9/2
f 128/1/34 531/1/34 525/1/34
f 200/9/8 460/9/8 208/9/8
f 159/1/34 525/1/34 483/1/34
f 1132/6/10 1240/6/10 1142/6/10
f 124/1/23 519/1/23 513/1/23
f 1136/6/10 1148/6/10 1140/6/10
f 122/1/23 513/1/23 507/1/23
f 1131/6/10 1240/6/10 1130/6/10
f 694/1/23 507/1/23 755/1/23
f 392/1/1 118/1/1 393/1/1
f 591/1/1 119/1/1 500/1/1
f 681/6/35 1244/6/35 95/6/35
f 118/5/8 1182/5/8 126/5/8
f 394/1/1 117/1/1 20/1/1
f 203/9/8 708/9/8 706/9/8
f 543/1/1 159/1/1 483/1/1
f 705/9/2 440/9/2 707/9/2
f 704/3/36 489/3/36 749/3/36
f 277/1/1 1300/1/1 248/1/1
f 897/1/1 1322/1/1 573/1/1
f 282/2/23 346/2/23 302/2/23
f 326/2/37 360/2/37 335/2/37
f 336/1/1 543/1/1 597/1/1
f 302/2/38 627/2/38 585/2/38
f 335/1/1 194/1/1 326/1/1
f 934/2/2 149/2/2 933/2/2
f 334/2/2 150/2/2 333/2/2
f 933/2/2 147/2/2 932/2/2
f 333/2/2 148/2/2 332/2/2
f 932/2/2 697/2/2 947/2/2
f 332/2/2 698/2/2 721/2/2
f 931/1/25 143/1/25 936/1/25
f 331/1/25 144/1/25 337/1/25
f 930/1/25 141/1/25 929/1/25
f 330/1/25 142/1/25 329/1/25
f 929/1/25 139/1/25 928/1/25
f 329/1/25 140/1/25 328/1/25
f 927/1/25 699/1/25 946/1/25
f 325/1/25 700/1/25 720/1/25
f 935/1/1 139/1/1 154/1/1
f 328/1/1 155/1/1 336/1/1
f 334/2/2 194/2/2 152/2/2
f 159/5/2 173/5/2 128/5/2
f 81/5/39 176/5/39 82/5/39
f 130/5/40 179/5/40 161/5/40
f 453/5/41 169/5/41 157/5/41
f 11/5/39 175/5/39 81/5/39
f 82/5/1 178/5/1 130/5/1
f 81/5/42 164/5/42 11/5/42
f 113/5/27 163/5/27 161/5/27
f 82/5/1 167/5/1 165/5/1
f 82/5/42 162/5/42 81/5/42
f 174/5/9 169/5/9 175/5/9
f 176/5/9 169/5/9 170/5/9
f 177/5/9 168/5/9 174/5/9
f 178/5/9 170/5/9 172/5/9
f 178/5/9 173/5/9 179/5/9
f 177/5/9 173/5/9 171/5/9
f 159/5/1 168/5/1 171/5/1
f 161/5/40 177/5/40 113/5/40
f 11/5/26 177/5/26 174/5/26
f 454/5/26 170/5/26 453/5/26
f 128/5/2 172/5/2 454/5/2
f 157/5/41 168/5/41 156/5/41
f 67/1/43 676/1/43 701/1/43
f 183/1/44 679/1/44 702/1/44
f 66/1/43 180/1/43 67/1/43
f 158/1/44 451/1/44 453/1/44
f 158/1/45 186/1/45 144/1/45
f 936/1/46 187/1/46 930/1/46
f 337/1/47 186/1/47 330/1/47
f 133/3/48 542/3/48 554/3/48
f 703/3/49 190/3/49 695/3/49
f 132/3/50 696/3/50 704/3/50
f 80/1/51 17/1/51 193/1/51
f 136/1/1 17/1/1 194/1/1
f 195/1/52 689/1/52 705/1/52
f 78/1/52 197/1/52 79/1/52
f 79/1/52 192/1/52 80/1/52
f 199/1/53 131/1/53 189/1/53
f 200/1/36 455/1/36 198/1/36
f 200/1/36 114/1/36 129/1/36
f 153/1/1 114/1/1 201/1/1
f 696/11/54 461/11/54 741/11/54
f 136/1/1 202/1/1 153/1/1
f 211/11/55 446/11/55 213/11/55
f 208/9/56 438/9/56 209/9/56
f 204/9/57 209/9/57 205/9/57
f 215/9/1 205/9/1 214/9/1
f 206/11/58 737/11/58 735/11/58
f 193/9/59 209/9/59 80/9/59
f 201/9/60 208/9/60 204/9/60
f 80/9/2 438/9/2 79/9/2
f 193/9/2 214/9/2 205/9/2
f 201/9/61 215/9/61 153/9/61
f 199/9/8 437/9/8 459/9/8
f 896/1/1 555/1/1 477/1/1
f 555/1/1 247/1/1 561/1/1
f 112/1/1 221/1/1 9/1/1
f 221/1/1 245/1/1 220/1/1
f 68/2/2 240/2/2 69/2/2
f 240/2/2 243/2/2 241/2/2
f 69/2/2 238/2/2 70/2/2
f 240/2/2 239/2/2 238/2/2
f 70/2/2 709/2/2 677/2/2
f 238/2/2 710/2/2 709/2/2
f 809/7/1 843/7/1 235/7/1
f 817/7/23 838/7/23 815/7/23
f 808/7/1 834/7/1 809/7/1
f 769/1/29 1316/1/29 1315/1/29
f 770/1/29 1302/1/29 1316/1/29
f 1318/3/21 1275/3/21 1309/3/21
f 1307/3/21 1278/3/21 1318/3/21
f 1305/3/19 1272/3/19 1306/3/19
f 1317/3/19 1271/3/19 1305/3/19
f 231/7/17 48/7/17 46/7/17
f 230/7/17 233/7/17 231/7/17
f 860/1/62 223/1/62 29/1/62
f 228/1/17 223/1/17 229/1/17
f 35/1/17 225/1/17 50/1/17
f 227/1/17 225/1/17 226/1/17
f 816/7/23 844/7/23 266/7/23
f 807/7/1 825/7/1 808/7/1
f 898/4/2 851/4/2 899/4/2
f 847/1/1 217/1/1 247/1/1
f 1300/2/2 242/2/2 68/2/2
f 1299/2/2 243/2/2 242/2/2
f 108/1/1 567/1/1 471/1/1
f 278/1/1 573/1/1 567/1/1
f 109/1/1 249/1/1 2/1/1
f 276/1/1 248/1/1 249/1/1
f 1231/2/2 1255/2/2 298/2/2
f 1234/2/2 273/2/2 1232/2/2
f 63/2/2 270/2/2 1227/2/2
f 1232/2/2 271/2/2 270/2/2
f 1227/2/2 712/2/2 675/2/2
f 270/2/2 713/2/2 712/2/2
f 379/1/63 777/1/63 380/1/63
f 815/7/23 837/7/23 816/7/23
f 380/1/63 775/1/63 374/1/63
f 266/7/1 839/7/1 807/7/1
f 374/1/8 254/1/8 51/1/8
f 775/1/29 255/1/29 254/1/29
f 259/3/22 1280/3/22 41/3/22
f 258/3/22 1279/3/22 259/3/22
f 53/7/17 265/7/17 55/7/17
f 263/7/17 264/7/17 265/7/17
f 43/1/17 255/1/17 1315/1/17
f 261/1/17 254/1/17 255/1/17
f 37/1/17 250/1/17 49/1/17
f 258/1/17 257/1/17 250/1/17
f 260/3/15 1282/3/15 38/3/15
f 261/3/15 1286/3/15 260/3/15
f 14/1/63 778/1/63 688/1/63
f 811/7/9 842/7/9 813/7/9
f 2/2/2 1234/2/2 1233/2/2
f 249/2/2 275/2/2 1234/2/2
f 49/1/1 278/1/1 108/1/1
f 250/1/1 897/1/1 278/1/1
f 109/1/1 579/1/1 476/1/1
f 301/1/1 585/1/1 579/1/1
f 108/1/1 403/1/1 49/1/1
f 299/1/1 394/1/1 403/1/1
f 298/2/2 1254/2/2 297/2/2
f 1143/8/2 1270/8/2 1145/8/2
f 88/1/8 1253/1/8 1250/1/8
f 297/2/2 1263/2/2 64/2/2
f 1233/2/2 283/2/2 2/2/2
f 283/2/2 1237/2/2 282/2/2
f 319/4/8 717/4/8 691/4/8
f 434/4/8 289/4/8 290/4/8
f 373/4/23 415/4/23 372/4/23
f 25/4/9 729/4/9 727/4/9
f 372/4/23 414/4/23 377/4/23
f 304/4/26 420/4/26 303/4/26
f 2/1/1 301/1/1 109/1/1
f 283/1/1 302/1/1 301/1/1
f 377/4/23 413/4/23 376/4/23
f 303/4/26 406/4/26 395/4/26
f 4/2/2 715/2/2 675/2/2
f 280/2/2 716/2/2 715/2/2
f 1313/2/64 621/2/64 1327/2/64
f 117/1/1 404/1/1 20/1/1
f 322/1/1 392/1/1 404/1/1
f 376/4/23 728/4/23 726/4/23
f 285/4/26 416/4/26 284/4/26
f 92/4/9 423/4/9 23/4/9
f 284/4/26 422/4/26 373/4/26
f 285/4/65 406/4/65 417/4/65
f 91/4/9 412/4/9 92/4/9
f 1243/8/2 1262/8/2 1149/8/2
f 1239/2/2 313/2/2 1238/2/2
f 1229/2/2 310/2/2 87/2/2
f 310/2/2 313/2/2 311/2/2
f 22/2/2 718/2/2 680/2/2
f 307/2/2 719/2/2 718/2/2
f 304/4/66 423/4/66 421/4/66
f 90/4/9 410/4/9 91/4/9
f 143/1/46 330/1/46 187/1/46
f 154/1/1 328/1/1 336/1/1
f 134/1/25 720/1/25 699/1/25
f 141/1/25 328/1/25 139/1/25
f 187/1/25 329/1/25 141/1/25
f 145/1/25 337/1/25 143/1/25
f 147/2/2 721/2/2 697/2/2
f 149/2/2 332/2/2 147/2/2
f 151/2/2 333/2/2 149/2/2
f 154/2/67 939/2/67 935/2/67
f 322/2/68 356/2/68 323/2/68
f 346/2/1 341/2/1 340/2/1
f 627/2/1 340/2/1 614/2/1
f 347/2/1 339/2/1 352/2/1
f 348/2/1 603/2/1 621/2/1
f 945/2/1 351/2/1 615/2/1
f 937/2/1 350/2/1 349/2/1
f 340/2/1 633/2/1 614/2/1
f 357/2/1 639/2/1 633/2/1
f 341/2/1 357/2/1 340/2/1
f 342/2/1 358/2/1 357/2/1
f 350/2/1 359/2/1 349/2/1
f 615/2/1 361/2/1 645/2/1
f 323/2/69 644/2/69 596/2/69
f 335/2/70 650/2/70 602/2/70
f 1134/2/9 354/2/9 1137/2/9
f 300/2/71 344/2/71 117/2/71
f 336/2/72 351/2/72 154/2/72
f 117/2/2 355/2/2 322/2/2
f 1311/2/73 348/2/73 1313/2/73
f 151/2/2 359/2/2 334/2/2
f 58/2/2 937/2/2 934/2/2
f 352/2/2 58/2/2 243/2/2
f 366/7/74 365/7/74 369/7/74
f 363/7/74 371/7/74 362/7/74
f 368/7/74 370/7/74 371/7/74
f 367/7/74 369/7/74 370/7/74
f 1/1/75 391/1/75 61/1/75
f 1/1/75 51/1/75 49/1/75
f 15/1/75 374/1/75 51/1/75
f 59/1/75 687/1/75 722/1/75
f 60/1/75 398/1/75 59/1/75
f 61/1/75 399/1/75 60/1/75
f 378/1/75 688/1/75 723/1/75
f 71/1/75 380/1/75 72/1/75
f 72/1/75 374/1/75 73/1/75
f 1297/7/75 725/7/75 724/7/75
f 383/7/75 390/7/75 389/7/75
f 1293/7/75 1290/7/75 383/7/75
f 1292/7/75 386/7/75 1293/7/75
f 73/3/31 1296/3/31 72/3/31
f 60/3/30 1287/3/30 61/3/30
f 15/3/31 384/3/31 73/3/31
f 71/3/31 1294/3/31 723/3/31
f 375/3/30 1291/3/30 722/3/30
f 373/1/8 391/1/8 49/1/8
f 23/1/8 392/1/8 393/1/8
f 285/1/8 20/1/8 395/1/8
f 23/1/8 396/1/8 92/1/8
f 397/1/8 687/1/8 726/1/8
f 376/1/8 399/1/8 377/1/8
f 377/1/8 391/1/8 372/1/8
f 90/1/8 690/1/8 727/1/8
f 91/1/8 401/1/8 90/1/8
f 92/1/8 402/1/8 91/1/8
f 373/1/8 403/1/8 284/1/8
f 284/1/8 394/1/8 285/1/8
f 395/1/8 404/1/8 303/1/8
f 303/1/8 392/1/8 304/1/8
f 417/4/76 405/4/76 408/4/76
f 423/4/77 434/4/77 421/4/77
f 408/4/78 320/4/78 317/4/78
f 409/4/9 291/4/9 410/4/9
f 422/4/23 425/4/23 415/4/23
f 418/4/9 733/4/9 729/4/9
f 421/4/79 290/4/79 411/4/79
f 415/4/23 84/4/23 414/4/23
f 411/4/80 433/4/80 419/4/80
f 408/4/81 428/4/81 417/4/81
f 414/4/23 86/4/23 413/4/23
f 419/4/26 320/4/26 405/4/26
f 413/4/23 732/4/23 728/4/23
f 416/4/26 428/4/26 427/4/26
f 412/4/9 436/4/9 423/4/9
f 416/4/26 435/4/26 422/4/26
f 410/4/9 289/4/9 412/4/9
f 406/4/8 419/4/8 405/4/8
f 420/4/82 411/4/82 419/4/82
f 424/4/8 319/4/8 85/4/8
f 86/4/8 692/4/8 732/4/8
f 85/4/8 691/4/8 692/4/8
f 435/4/8 426/4/8 425/4/8
f 427/4/8 317/4/8 426/4/8
f 320/4/8 432/4/8 321/4/8
f 433/4/8 292/4/8 432/4/8
f 321/4/8 431/4/8 305/4/8
f 432/4/8 316/4/8 431/4/8
f 305/4/8 730/4/8 717/4/8
f 431/4/8 731/4/8 730/4/8
f 210/9/56 438/9/56 460/9/56
f 207/9/56 707/9/56 734/9/56
f 211/9/56 440/9/56 438/9/56
f 210/9/56 449/9/56 212/9/56
f 212/9/56 708/9/56 735/9/56
f 448/10/56 445/10/56 446/10/56
f 736/10/56 443/10/56 444/10/56
f 210/11/1 448/11/1 211/11/1
f 212/11/58 447/11/58 210/11/58
f 213/11/55 736/11/55 734/11/55
f 441/9/8 450/9/8 449/9/8
f 182/1/83 679/1/83 738/1/83
f 185/1/84 451/1/84 182/1/84
f 185/1/85 454/1/85 453/1/85
f 131/1/86 536/1/86 656/1/86
f 190/11/87 740/11/87 695/11/87
f 199/11/88 468/11/88 470/11/88
f 542/11/89 462/11/89 668/11/89
f 459/1/90 455/1/90 131/1/90
f 441/9/8 460/9/8 437/9/8
f 437/9/8 198/9/8 459/9/8
f 465/11/36 740/11/36 742/11/36
f 669/11/91 461/11/91 663/11/91
f 469/11/92 741/11/92 743/11/92
f 470/11/93 462/11/93 465/11/93
f 706/11/54 465/11/54 742/11/54
f 456/11/94 669/11/94 657/11/94
f 199/11/95 465/11/95 450/11/95
f 458/11/87 743/11/87 739/11/87
f 662/11/96 468/11/96 189/11/96
f 661/11/97 674/11/97 662/11/97
f 660/11/97 673/11/97 661/11/97
f 659/11/96 672/11/96 660/11/96
f 658/11/97 671/11/97 659/11/97
f 657/11/96 670/11/96 658/11/96
f 674/11/98 462/11/98 468/11/98
f 673/11/99 668/11/99 674/11/99
f 673/11/100 666/11/100 667/11/100
f 672/11/101 665/11/101 666/11/101
f 671/11/101 664/11/101 665/11/101
f 670/11/102 663/11/102 664/11/102
f 188/11/89 663/11/89 461/11/89
f 537/11/103 664/11/103 663/11/103
f 538/11/103 665/11/103 664/11/103
f 539/11/103 666/11/103 665/11/103
f 540/11/103 667/11/103 666/11/103
f 541/11/89 668/11/89 667/11/89
f 160/1/104 531/1/104 454/1/104
f 651/1/105 532/1/105 531/1/105
f 652/1/106 533/1/106 532/1/106
f 653/1/106 534/1/106 533/1/106
f 654/1/107 535/1/107 534/1/107
f 655/1/86 536/1/86 535/1/86
f 597/2/70 361/2/70 336/2/70
f 598/2/70 645/2/70 597/2/70
f 599/2/70 646/2/70 598/2/70
f 600/2/70 647/2/70 599/2/70
f 601/2/70 648/2/70 600/2/70
f 602/2/70 649/2/70 601/2/70
f 591/2/69 358/2/69 1134/2/69
f 592/2/69 639/2/69 591/2/69
f 593/2/69 640/2/69 592/2/69
f 594/2/69 641/2/69 593/2/69
f 595/2/69 642/2/69 594/2/69
f 596/2/69 643/2/69 595/2/69
f 350/2/1 650/2/1 360/2/1
f 620/2/1 649/2/1 650/2/1
f 619/2/1 648/2/1 649/2/1
f 618/2/1 647/2/1 648/2/1
f 617/2/1 646/2/1 647/2/1
f 616/2/1 645/2/1 646/2/1
f 638/2/1 356/2/1 355/2/1
f 637/2/1 644/2/1 638/2/1
f 636/2/1 643/2/1 637/2/1
f 635/2/1 642/2/1 636/2/1
f 634/2/1 641/2/1 635/2/1
f 633/2/1 640/2/1 634/2/1
f 609/2/1 355/2/1 344/2/1
f 610/2/1 638/2/1 609/2/1
f 611/2/1 637/2/1 610/2/1
f 611/2/1 635/2/1 636/2/1
f 613/2/1 635/2/1 612/2/1
f 613/2/1 633/2/1 634/2/1
f 938/2/1 620/2/1 350/2/1
f 940/2/1 619/2/1 620/2/1
f 941/2/1 618/2/1 619/2/1
f 942/2/1 617/2/1 618/2/1
f 943/2/1 616/2/1 617/2/1
f 944/2/1 615/2/1 616/2/1
f 626/2/1 338/2/1 347/2/1
f 625/2/1 608/2/1 626/2/1
f 624/2/1 607/2/1 625/2/1
f 623/2/1 606/2/1 624/2/1
f 622/2/1 605/2/1 623/2/1
f 621/2/1 604/2/1 622/2/1
f 345/2/1 609/2/1 344/2/1
f 632/2/1 610/2/1 609/2/1
f 631/2/1 611/2/1 610/2/1
f 630/2/1 612/2/1 611/2/1
f 629/2/1 613/2/1 612/2/1
f 628/2/1 614/2/1 613/2/1
f 1319/2/64 347/2/64 1320/2/64
f 1331/2/64 626/2/64 1319/2/64
f 1330/2/64 625/2/64 1331/2/64
f 1329/2/64 624/2/64 1330/2/64
f 1328/2/64 623/2/64 1329/2/64
f 1327/2/64 622/2/64 1328/2/64
f 584/1/1 300/1/1 299/1/1
f 583/1/1 590/1/1 584/1/1
f 582/1/1 589/1/1 583/1/1
f 581/1/1 588/1/1 582/1/1
f 580/1/1 587/1/1 581/1/1
f 579/1/1 586/1/1 580/1/1
f 471/1/1 299/1/1 108/1/1
f 472/1/1 584/1/1 471/1/1
f 473/1/1 583/1/1 472/1/1
f 474/1/1 582/1/1 473/1/1
f 475/1/1 581/1/1 474/1/1
f 476/1/1 580/1/1 475/1/1
f 572/1/1 277/1/1 276/1/1
f 571/1/1 578/1/1 572/1/1
f 570/1/1 577/1/1 571/1/1
f 569/1/1 576/1/1 570/1/1
f 568/1/1 575/1/1 569/1/1
f 567/1/1 574/1/1 568/1/1
f 476/1/1 276/1/1 109/1/1
f 475/1/1 572/1/1 476/1/1
f 474/1/1 571/1/1 475/1/1
f 473/1/1 570/1/1 474/1/1
f 472/1/1 569/1/1 473/1/1
f 471/1/1 568/1/1 472/1/1
f 244/1/1 566/1/1 245/1/1
f 560/1/1 565/1/1 566/1/1
f 559/1/1 564/1/1 565/1/1
f 558/1/1 563/1/1 564/1/1
f 557/1/1 562/1/1 563/1/1
f 556/1/1 561/1/1 562/1/1
f 482/1/1 244/1/1 112/1/1
f 481/1/1 560/1/1 482/1/1
f 480/1/1 559/1/1 481/1/1
f 479/1/1 558/1/1 480/1/1
f 478/1/1 557/1/1 479/1/1
f 477/1/1 556/1/1 478/1/1
f 132/3/48 537/3/48 188/3/48
f 550/3/48 537/3/48 549/3/48
f 551/3/48 538/3/48 550/3/48
f 552/3/48 539/3/48 551/3/48
f 553/3/48 540/3/48 552/3/48
f 554/3/48 541/3/48 553/3/48
f 590/2/38 345/2/38 300/2/38
f 589/2/38 632/2/38 590/2/38
f 588/2/38 631/2/38 589/2/38
f 587/2/38 630/2/38 588/2/38
f 586/2/38 629/2/38 587/2/38
f 585/2/38 628/2/38 586/2/38
f 602/1/1 202/1/1 335/1/1
f 601/1/1 548/1/1 602/1/1
f 600/1/1 547/1/1 601/1/1
f 599/1/1 546/1/1 600/1/1
f 598/1/1 545/1/1 599/1/1
f 597/1/1 544/1/1 598/1/1
f 578/1/1 1301/1/1 277/1/1
f 577/1/1 1312/1/1 578/1/1
f 576/1/1 1326/1/1 577/1/1
f 575/1/1 1325/1/1 576/1/1
f 574/1/1 1324/1/1 575/1/1
f 573/1/1 1323/1/1 574/1/1
f 744/3/36 116/3/36 703/3/36
f 494/9/42 762/9/42 761/9/42
f 746/3/36 493/3/36 745/3/36
f 491/9/27 765/9/27 747/9/27
f 748/3/36 491/3/36 747/3/36
f 747/9/108 764/9/108 746/9/108
f 202/1/1 488/1/1 114/1/1
f 548/1/1 487/1/1 488/1/1
f 547/1/1 486/1/1 487/1/1
f 546/1/1 485/1/1 486/1/1
f 545/1/1 484/1/1 485/1/1
f 544/1/1 483/1/1 484/1/1
f 524/1/23 119/1/23 127/1/23
f 498/5/1 1186/5/1 497/5/1
f 519/5/26 1191/5/26 520/5/26
f 497/5/1 1185/5/1 496/5/1
f 126/5/26 1190/5/26 519/5/26
f 496/5/1 1184/5/1 495/5/1
f 323/1/1 495/1/1 118/1/1
f 596/1/1 496/1/1 495/1/1
f 595/1/1 497/1/1 496/1/1
f 594/1/1 498/1/1 497/1/1
f 593/1/1 499/1/1 498/1/1
f 592/1/1 500/1/1 499/1/1
f 750/1/23 123/1/23 1133/1/23
f 751/1/23 512/1/23 750/1/23
f 752/1/23 511/1/23 751/1/23
f 753/1/23 510/1/23 752/1/23
f 754/1/23 509/1/23 753/1/23
f 755/1/23 508/1/23 754/1/23
f 512/1/23 125/1/23 123/1/23
f 511/1/23 518/1/23 512/1/23
f 510/1/23 517/1/23 511/1/23
f 509/1/23 516/1/23 510/1/23
f 508/1/23 515/1/23 509/1/23
f 507/1/23 514/1/23 508/1/23
f 518/1/23 127/1/23 125/1/23
f 517/1/23 524/1/23 518/1/23
f 516/1/23 523/1/23 517/1/23
f 515/1/23 522/1/23 516/1/23
f 514/1/23 521/1/23 515/1/23
f 513/1/23 520/1/23 514/1/23
f 488/1/34 129/1/34 114/1/34
f 487/1/34 530/1/34 488/1/34
f 486/1/34 529/1/34 487/1/34
f 485/1/34 528/1/34 486/1/34
f 484/1/34 527/1/34 485/1/34
f 483/1/34 526/1/34 484/1/34
f 530/1/34 455/1/34 129/1/34
f 529/1/34 536/1/34 530/1/34
f 528/1/34 535/1/34 529/1/34
f 527/1/34 534/1/34 528/1/34
f 526/1/34 533/1/34 527/1/34
f 525/1/34 532/1/34 526/1/34
f 656/1/109 189/1/109 131/1/109
f 655/1/86 662/1/86 656/1/86
f 654/1/110 661/1/110 655/1/110
f 653/1/111 660/1/111 654/1/111
f 652/1/112 659/1/112 653/1/112
f 651/1/113 658/1/113 652/1/113
f 501/1/23 754/1/23 502/1/23
f 502/1/23 753/1/23 503/1/23
f 503/1/23 752/1/23 504/1/23
f 504/1/23 751/1/23 505/1/23
f 505/1/23 750/1/23 506/1/23
f 506/1/23 1133/1/23 121/1/23
f 549/3/36 748/3/36 550/3/36
f 550/3/36 747/3/36 551/3/36
f 551/3/36 746/3/36 552/3/36
f 552/3/36 745/3/36 553/3/36
f 553/3/36 744/3/36 554/3/36
f 554/3/36 703/3/36 133/3/36
f 739/11/87 467/11/87 456/11/87
f 203/11/54 742/11/54 466/11/54
f 743/11/114 461/11/114 467/11/114
f 742/11/36 463/11/36 466/11/36
f 695/11/87 462/11/87 457/11/87
f 738/1/115 452/1/115 19/1/115
f 734/11/55 444/11/55 207/11/55
f 446/10/56 737/10/56 736/10/56
f 735/9/56 442/9/56 206/9/56
f 734/9/56 440/9/56 213/9/56
f 21/4/8 731/4/8 430/4/8
f 306/4/8 730/4/8 21/4/8
f 692/4/8 288/4/8 287/4/8
f 732/4/8 287/4/8 286/4/8
f 728/4/23 286/4/23 407/4/23
f 729/4/9 293/4/9 409/4/9
f 727/1/8 400/1/8 25/1/8
f 726/1/8 398/1/8 376/1/8
f 722/3/30 387/3/30 59/3/30
f 723/3/31 1298/3/31 378/3/31
f 724/7/75 1295/7/75 1292/7/75
f 723/1/75 379/1/75 71/1/75
f 722/1/75 7/1/75 375/1/75
f 697/2/2 327/2/2 138/2/2
f 699/1/25 331/1/25 145/1/25
f 718/2/2 315/2/2 1239/2/2
f 680/2/2 1239/2/2 89/2/2
f 726/4/23 407/4/23 397/4/23
f 715/2/2 1230/2/2 1236/2/2
f 675/2/2 1236/2/2 1227/2/2
f 727/4/9 409/4/9 90/4/9
f 691/4/8 306/4/8 288/4/8
f 235/7/9 831/7/9 812/7/9
f 688/1/63 776/1/63 379/1/63
f 4/2/2 712/2/2 252/2/2
f 252/2/2 713/2/2 253/2/2
f 819/7/23 841/7/23 817/7/23
f 812/7/9 833/7/9 811/7/9
f 709/2/2 219/2/2 218/2/2
f 677/2/2 218/2/2 10/2/2
f 735/11/58 445/11/58 212/11/58
f 191/11/54 741/11/54 464/11/54
f 705/1/52 196/1/52 78/1/52
f 704/3/50 191/3/50 115/3/50
f 133/3/116 695/3/116 457/3/116
f 702/1/44 451/1/44 83/1/44
f 701/1/43 181/1/43 28/1/43
f 720/1/25 146/1/25 331/1/25
f 946/1/25 145/1/25 931/1/25
f 721/2/2 137/2/2 327/2/2
f 947/2/2 138/2/2 926/2/2
f 132/3/36 749/3/36 549/3/36
f 195/9/2 707/9/2 439/9/2
f 706/9/8 449/9/8 450/9/8
f 120/1/23 755/1/23 501/1/23
f 95/6/35 1241/6/35 94/6/35
f 710/2/2 6/2/2 219/2/2
f 698/2/2 18/2/2 137/2/2
f 713/2/2 10/2/2 253/2/2
f 430/4/8 733/4/8 429/4/8
f 400/1/23 694/1/23 120/1/23
f 683/1/11 16/1/11 30/1/11
f 682/3/14 32/3/14 5/3/14
f 98/1/11 676/1/11 180/1/11
f 719/2/2 1129/2/2 315/2/2
f 700/1/7 83/1/7 146/1/7
f 182/1/117 739/1/117 456/1/117
f 683/3/5 107/3/5 101/3/5
f 813/7/9 829/7/9 818/7/9
f 774/1/4 76/1/4 772/1/4
f 716/2/2 89/2/2 1230/2/2
f 763/9/36 761/9/36 762/9/36
f 765/9/36 759/9/36 764/9/36
f 767/9/36 757/9/36 766/9/36
f 749/9/118 766/9/118 748/9/118
f 490/9/42 766/9/42 757/9/42
f 745/9/119 762/9/119 744/9/119
f 493/9/27 763/9/27 745/9/27
f 489/9/27 767/9/27 749/9/27
f 492/9/42 764/9/42 759/9/42
f 769/3/1 783/3/1 770/3/1
f 778/3/23 789/3/23 776/3/23
f 810/3/26 796/3/26 234/3/26
f 771/3/9 786/3/9 773/3/9
f 269/3/9 804/3/9 714/3/9
f 780/3/23 791/3/23 778/3/23
f 234/3/26 795/3/26 77/3/26
f 777/3/23 788/3/23 775/3/23
f 814/3/9 803/3/9 268/3/9
f 77/3/26 794/3/26 267/3/26
f 768/3/1 782/3/1 769/3/1
f 773/3/9 785/3/9 772/3/9
f 795/3/8 781/3/8 794/3/8
f 796/3/8 782/3/8 795/3/8
f 797/3/8 783/3/8 796/3/8
f 798/3/8 786/3/8 799/3/8
f 797/3/8 786/3/8 784/3/8
f 800/3/8 785/3/8 798/3/8
f 801/3/8 781/3/8 788/3/8
f 803/3/8 789/3/8 802/3/8
f 801/3/8 790/3/8 803/3/8
f 802/3/8 791/3/8 804/3/8
f 805/3/8 787/3/8 800/3/8
f 804/3/8 793/3/8 806/3/8
f 224/3/23 800/3/23 711/3/23
f 237/3/23 799/3/23 236/3/23
f 770/3/1 784/3/1 771/3/1
f 775/3/1 781/3/1 768/3/1
f 714/3/9 806/3/9 256/3/9
f 236/3/23 797/3/23 810/3/23
f 711/3/23 798/3/23 237/3/23
f 772/3/9 787/3/9 774/3/9
f 774/3/9 792/3/9 779/3/9
f 267/3/26 801/3/26 814/3/26
f 776/3/23 790/3/23 777/3/23
f 268/3/9 802/3/9 269/3/9
f 808/3/8 267/3/8 807/3/8
f 809/3/8 77/3/8 808/3/8
f 235/3/8 234/3/8 809/3/8
f 811/3/8 236/3/8 812/3/8
f 235/3/8 236/3/8 810/3/8
f 813/3/8 237/3/8 811/3/8
f 266/3/8 267/3/8 814/3/8
f 816/3/8 269/3/8 815/3/8
f 266/3/8 268/3/8 816/3/8
f 815/3/8 714/3/8 817/3/8
f 818/3/8 711/3/8 813/3/8
f 817/3/8 256/3/8 819/3/8
f 820/7/8 822/7/8 840/7/8
f 826/7/120 825/7/120 839/7/120
f 827/7/8 824/7/8 826/7/8
f 823/7/8 830/7/8 824/7/8
f 832/7/121 831/7/121 830/7/121
f 824/7/120 834/7/120 825/7/120
f 834/7/8 831/7/8 843/7/8
f 821/7/8 835/7/8 822/7/8
f 828/7/121 842/7/121 835/7/121
f 838/7/122 826/7/122 837/7/122
f 837/7/8 839/7/8 844/7/8
f 836/7/122 840/7/122 841/7/122
f 841/7/122 827/7/122 838/7/122
f 835/7/121 833/7/121 832/7/121
f 822/7/8 832/7/8 823/7/8
f 840/7/8 823/7/8 827/7/8
f 111/1/1 50/1/1 8/1/1
f 8/1/1 225/1/1 216/1/1
f 111/1/1 847/1/1 896/1/1
f 246/1/1 225/1/1 847/1/1
f 902/4/123 857/4/123 903/4/123
f 900/4/124 849/4/124 898/4/124
f 899/4/125 850/4/125 901/4/125
f 900/4/8 850/4/8 848/4/8
f 852/4/126 855/4/126 853/4/126
f 851/4/127 854/4/127 850/4/127
f 848/4/8 854/4/8 852/4/8
f 849/4/2 855/4/2 851/4/2
f 856/4/23 859/4/23 857/4/23
f 904/4/128 856/4/128 902/4/128
f 904/4/129 859/4/129 858/4/129
f 905/4/130 857/4/130 859/4/130
f 44/1/131 1304/1/131 42/1/131
f 40/1/132 861/1/132 860/1/132
f 36/1/133 1304/1/133 861/1/133
f 44/1/134 860/1/134 29/1/134
f 864/4/135 866/4/135 884/4/135
f 1336/6/8 864/6/8 1338/6/8
f 1339/6/136 864/6/136 865/6/136
f 1337/6/2 865/6/2 863/6/2
f 885/4/137 871/4/137 867/4/137
f 864/1/138 885/1/138 865/1/138
f 863/4/139 885/4/139 867/4/139
f 862/4/140 867/4/140 866/4/140
f 870/4/141 888/4/141 872/4/141
f 870/4/142 878/4/142 880/4/142
f 866/4/143 872/4/143 884/4/143
f 877/1/144 894/1/144 876/1/144
f 889/4/1 874/4/1 875/4/1
f 877/1/145 891/1/145 895/1/145
f 873/4/146 875/4/146 871/4/146
f 875/4/147 882/4/147 883/4/147
f 879/4/148 880/4/148 878/4/148
f 881/4/149 882/4/149 880/4/149
f 875/4/150 881/4/150 871/4/150
f 871/4/151 879/4/151 867/4/151
f 867/4/152 878/4/152 866/4/152
f 874/4/153 880/4/153 882/4/153
f 868/1/154 885/1/154 884/1/154
f 869/1/155 873/1/155 885/1/155
f 868/1/156 872/1/156 887/1/156
f 876/1/157 889/1/157 877/1/157
f 876/1/158 872/1/158 888/1/158
f 877/1/159 873/1/159 886/1/159
f 893/3/160 890/3/160 891/3/160
f 891/3/161 894/3/161 895/3/161
f 886/1/162 893/1/162 891/1/162
f 887/1/163 894/1/163 890/1/163
f 887/1/164 892/1/164 868/1/164
f 868/1/165 893/1/165 869/1/165
f 251/1/1 1340/1/1 845/1/1
f 846/1/1 1340/1/1 1321/1/1
f 279/1/1 1321/1/1 897/1/1
f 279/1/1 257/1/1 251/1/1
f 1334/4/8 900/4/8 1332/4/8
f 1335/4/166 901/4/166 1334/4/166
f 1332/4/167 898/4/167 1333/4/167
f 1335/4/2 898/4/2 899/4/2
f 853/4/168 903/4/168 905/4/168
f 852/4/169 905/4/169 904/4/169
f 852/4/170 902/4/170 848/4/170
f 848/4/171 903/4/171 849/4/171
f 909/4/2 912/4/2 908/4/2
f 925/4/8 907/4/8 906/4/8
f 925/4/172 909/4/172 922/4/172
f 923/4/173 907/4/173 924/4/173
f 910/4/174 912/4/174 913/4/174
f 906/4/8 911/4/8 910/4/8
f 910/4/175 914/4/175 906/4/175
f 908/4/176 911/4/176 907/4/176
f 917/4/1 920/4/1 916/4/1
f 910/4/1 917/4/1 916/4/1
f 906/4/26 915/4/26 909/4/26
f 909/4/177 917/4/177 913/4/177
f 918/4/178 921/4/178 919/4/178
f 915/4/179 921/4/179 917/4/179
f 915/4/26 918/4/26 919/4/26
f 916/4/180 918/4/180 914/4/180
f 846/4/181 924/4/181 845/4/181
f 251/4/182 922/4/182 279/4/182
f 845/4/8 925/4/8 251/4/8
f 846/4/2 922/4/2 923/4/2
f 686/2/2 926/2/2 6/2/2
f 701/1/25 931/1/25 67/1/25
f 604/2/1 945/2/1 944/2/1
f 605/2/1 944/2/1 943/2/1
f 606/2/1 943/2/1 942/2/1
f 607/2/1 942/2/1 941/2/1
f 608/2/1 941/2/1 940/2/1
f 338/2/1 940/2/1 938/2/1
f 934/2/2 349/2/2 151/2/2
f 339/2/1 938/2/1 937/2/1
f 603/2/1 939/2/1 945/2/1
f 935/2/67 343/2/67 1311/2/67
f 66/1/46 930/1/46 184/1/46
f 1311/1/1 928/1/1 935/1/1
f 28/1/25 946/1/25 701/1/25
f 65/1/25 928/1/25 27/1/25
f 184/1/25 929/1/25 65/1/25
f 67/1/25 936/1/25 66/1/25
f 56/2/2 947/2/2 686/2/2
f 57/2/2 932/2/2 56/2/2
f 58/2/2 933/2/2 57/2/2
f 997/3/183 950/3/183 948/3/183
f 996/3/184 952/3/184 950/3/184
f 998/3/185 954/3/185 952/3/185
f 999/3/186 956/3/186 954/3/186
f 1000/3/187 958/3/187 956/3/187
f 1001/3/188 960/3/188 958/3/188
f 961/6/189 1019/6/189 963/6/189
f 1002/3/189 962/3/189 960/3/189
f 1003/3/190 948/3/190 962/3/190
f 954/3/26 958/3/26 962/3/26
f 972/10/1 965/10/1 973/10/1
f 974/10/1 964/10/1 972/10/1
f 975/10/1 966/10/1 974/10/1
f 976/10/1 967/10/1 975/10/1
f 977/10/1 968/10/1 976/10/1
f 978/10/1 969/10/1 977/10/1
f 979/10/1 970/10/1 978/10/1
f 979/10/1 965/10/1 971/10/1
f 981/6/191 1004/6/191 1005/6/191
f 980/6/192 1006/6/192 1004/6/192
f 983/6/193 1006/6/193 982/6/193
f 984/6/194 1007/6/194 983/6/194
f 985/6/195 1008/6/195 984/6/195
f 986/6/196 1009/6/196 985/6/196
f 986/6/197 1011/6/197 1010/6/197
f 981/6/198 1011/6/198 987/6/198
f 951/6/1 981/6/1 949/6/1
f 951/6/199 1021/6/199 980/6/199
f 955/6/1 982/6/1 953/6/1
f 953/6/188 1029/6/188 951/6/188
f 959/6/1 984/6/1 957/6/1
f 981/6/200 1034/6/200 949/6/200
f 963/6/1 986/6/1 961/6/1
f 963/6/201 1027/6/201 987/6/201
f 994/6/1 992/6/1 990/6/1
f 957/6/187 1017/6/187 959/6/187
f 953/6/185 1015/6/185 955/6/185
f 949/6/183 1012/6/183 951/6/183
f 963/6/190 1013/6/190 949/6/190
f 959/6/188 1018/6/188 961/6/188
f 955/6/186 1016/6/186 957/6/186
f 951/6/184 1014/6/184 953/6/184
f 965/3/202 996/3/202 997/3/202
f 966/3/203 996/3/203 964/3/203
f 966/3/204 999/3/204 998/3/204
f 967/3/205 1000/3/205 999/3/205
f 968/3/206 1001/3/206 1000/3/206
f 969/3/207 1002/3/207 1001/3/207
f 970/3/208 1003/3/208 1002/3/208
f 971/3/209 997/3/209 1003/3/209
f 972/3/206 1005/3/206 1004/3/206
f 972/3/207 1006/3/207 974/3/207
f 975/3/208 1006/3/208 1007/3/208
f 976/3/209 1007/3/209 1008/3/209
f 977/3/202 1008/3/202 1009/3/202
f 977/3/203 1010/3/203 978/3/203
f 978/3/204 1011/3/204 979/3/204
f 979/3/205 1005/3/205 973/3/205
f 989/6/210 1012/6/210 1013/6/210
f 990/6/211 1012/6/211 988/6/211
f 991/6/212 1014/6/212 990/6/212
f 991/6/213 1016/6/213 1015/6/213
f 992/6/214 1017/6/214 1016/6/214
f 994/6/215 1017/6/215 993/6/215
f 994/6/216 1019/6/216 1018/6/216
f 989/6/217 1019/6/217 995/6/217
f 1028/9/1 1021/9/1 1029/9/1
f 1031/9/1 1022/9/1 1023/9/1
f 1033/9/1 1024/9/1 1025/9/1
f 1034/9/1 1027/9/1 1035/9/1
f 983/6/186 1022/6/186 984/6/186
f 982/6/218 1028/6/218 953/6/218
f 957/6/190 1031/6/190 955/6/190
f 955/6/219 1023/6/219 983/6/219
f 985/6/188 1024/6/188 986/6/188
f 984/6/220 1030/6/220 957/6/220
f 961/6/184 1033/6/184 959/6/184
f 959/6/221 1025/6/221 985/6/221
f 987/6/190 1026/6/190 981/6/190
f 986/6/222 1032/6/222 961/6/222
f 949/6/186 1035/6/186 963/6/186
f 980/6/184 1020/6/184 982/6/184
f 1085/3/183 1038/3/183 1036/3/183
f 1084/3/184 1040/3/184 1038/3/184
f 1086/3/185 1042/3/185 1040/3/185
f 1087/3/186 1044/3/186 1042/3/186
f 1088/3/187 1046/3/187 1044/3/187
f 1089/3/188 1048/3/188 1046/3/188
f 1049/6/189 1107/6/189 1051/6/189
f 1090/3/189 1050/3/189 1048/3/189
f 1091/3/190 1036/3/190 1050/3/190
f 1042/3/26 1046/3/26 1050/3/26
f 1060/10/1 1053/10/1 1061/10/1
f 1062/10/1 1052/10/1 1060/10/1
f 1063/10/1 1054/10/1 1062/10/1
f 1064/10/1 1055/10/1 1063/10/1
f 1064/10/1 1057/10/1 1056/10/1
f 1065/10/1 1058/10/1 1057/10/1
f 1066/10/1 1059/10/1 1058/10/1
f 1067/10/1 1053/10/1 1059/10/1
f 1068/6/191 1093/6/191 1069/6/191
f 1070/6/192 1092/6/192 1068/6/192
f 1071/6/193 1094/6/193 1070/6/193
f 1072/6/194 1095/6/194 1071/6/194
f 1072/6/195 1097/6/195 1096/6/195
f 1074/6/196 1097/6/196 1073/6/196
f 1074/6/197 1099/6/197 1098/6/197
f 1069/6/198 1099/6/198 1075/6/198
f 1039/6/1 1069/6/1 1037/6/1
f 1039/6/199 1109/6/199 1068/6/199
f 1043/6/1 1070/6/1 1041/6/1
f 1041/6/188 1117/6/188 1039/6/188
f 1047/6/1 1072/6/1 1045/6/1
f 1069/6/200 1122/6/200 1037/6/200
f 1051/6/1 1074/6/1 1049/6/1
f 1051/6/201 1115/6/201 1075/6/201
f 1082/6/1 1080/6/1 1078/6/1
f 1045/6/187 1105/6/187 1047/6/187
f 1041/6/185 1103/6/185 1043/6/185
f 1037/6/183 1100/6/183 1039/6/183
f 1051/6/190 1101/6/190 1037/6/190
f 1047/6/188 1106/6/188 1049/6/188
f 1043/6/186 1104/6/186 1045/6/186
f 1039/6/184 1102/6/184 1041/6/184
f 1053/3/202 1084/3/202 1085/3/202
f 1054/3/203 1084/3/203 1052/3/203
f 1055/3/204 1086/3/204 1054/3/204
f 1055/3/205 1088/3/205 1087/3/205
f 1056/3/206 1089/3/206 1088/3/206
f 1057/3/207 1090/3/207 1089/3/207
f 1058/3/208 1091/3/208 1090/3/208
f 1059/3/209 1085/3/209 1091/3/209
f 1061/3/206 1092/3/206 1060/3/206
f 1062/3/207 1092/3/207 1094/3/207
f 1063/3/208 1094/3/208 1095/3/208
f 1063/3/209 1096/3/209 1064/3/209
f 1065/3/202 1096/3/202 1097/3/202
f 1065/3/203 1098/3/203 1066/3/203
f 1066/3/204 1099/3/204 1067/3/204
f 1061/3/205 1099/3/205 1093/3/205
f 1076/6/210 1101/6/210 1077/6/210
f 1078/6/211 1100/6/211 1076/6/211
f 1079/6/212 1102/6/212 1078/6/212
f 1080/6/213 1103/6/213 1079/6/213
f 1081/6/214 1104/6/214 1080/6/214
f 1082/6/215 1105/6/215 1081/6/215
f 1082/6/216 1107/6/216 1106/6/216
f 1083/6/217 1101/6/217 1107/6/217
f 1117/9/1 1108/9/1 1109/9/1
f 1119/9/1 1110/9/1 1111/9/1
f 1120/9/1 1113/9/1 1121/9/1
f 1123/9/1 1114/9/1 1115/9/1
f 1071/6/186 1110/6/186 1072/6/186
f 1070/6/218 1116/6/218 1041/6/218
f 1045/6/190 1119/6/190 1043/6/190
f 1043/6/219 1111/6/219 1071/6/219
f 1073/6/188 1112/6/188 1074/6/188
f 1072/6/220 1118/6/220 1045/6/220
f 1049/6/184 1121/6/184 1047/6/184
f 1047/6/221 1113/6/221 1073/6/221
f 1075/6/190 1114/6/190 1069/6/190
f 1074/6/222 1120/6/222 1049/6/222
f 1037/6/186 1123/6/186 1051/6/186
f 1068/6/184 1108/6/184 1070/6/184
f 681/1/23 1125/1/23 26/1/23
f 1126/1/23 1127/1/23 93/1/23
f 93/1/23 1128/1/23 94/1/23
f 94/1/23 1129/1/23 95/1/23
f 1130/1/23 127/1/23 1131/1/23
f 1132/1/23 125/1/23 1130/1/23
f 693/1/23 123/1/23 1132/1/23
f 324/1/1 119/1/1 1134/1/1
f 1131/1/223 119/1/223 1135/1/223
f 309/1/1 24/1/1 1126/1/1
f 309/1/1 1134/1/1 1137/1/1
f 95/1/23 1124/1/23 681/1/23
f 1136/1/23 1133/1/23 693/1/23
f 1150/6/1 1139/6/1 1138/6/1
f 1240/6/23 1147/6/23 1241/6/23
f 64/2/2 1249/2/2 1226/2/2
f 295/1/2 1256/1/2 1266/1/2
f 1146/6/23 1139/6/23 1147/6/23
f 1145/8/1 1269/8/1 1144/8/1
f 1135/6/224 1150/6/224 1138/6/224
f 26/6/35 1242/6/35 681/6/35
f 1135/6/225 1146/6/225 1131/6/225
f 1126/6/35 1147/6/35 1139/6/35
f 1126/6/226 1151/6/226 309/6/226
f 93/6/35 1241/6/35 1147/6/35
f 309/6/227 1150/6/227 324/6/227
f 1154/5/26 1165/5/26 1153/5/26
f 126/5/2 1158/5/2 118/5/2
f 393/5/8 1156/5/8 396/5/8
f 396/5/26 1159/5/26 126/5/26
f 1152/5/23 1157/5/23 1153/5/23
f 1154/5/23 1157/5/23 1158/5/23
f 1152/5/23 1159/5/23 1156/5/23
f 1154/5/23 1159/5/23 1155/5/23
f 1152/5/1 1167/5/1 1155/5/1
f 1153/5/2 1164/5/2 1152/5/2
f 1155/5/8 1166/5/8 1154/5/8
f 1175/5/26 1197/5/26 1174/5/26
f 1181/5/8 1222/5/8 1175/5/8
f 1174/5/26 1220/5/26 1173/5/26
f 1180/5/1 1225/5/1 1181/5/1
f 1173/5/26 1219/5/26 1172/5/26
f 1179/5/1 1224/5/1 1180/5/1
f 520/5/26 1192/5/26 521/5/26
f 499/5/1 1187/5/1 498/5/1
f 524/5/2 1189/5/2 500/5/2
f 521/5/26 1193/5/26 522/5/26
f 500/5/1 1188/5/1 499/5/1
f 522/5/26 1194/5/26 523/5/26
f 523/5/26 1195/5/26 524/5/26
f 495/5/1 1183/5/1 118/5/1
f 1168/5/23 1183/5/23 1169/5/23
f 1169/5/23 1184/5/23 1170/5/23
f 1170/5/23 1185/5/23 1171/5/23
f 1171/5/23 1186/5/23 1172/5/23
f 1172/5/23 1187/5/23 1173/5/23
f 1173/5/23 1188/5/23 1174/5/23
f 1175/5/23 1188/5/23 1189/5/23
f 1168/5/23 1190/5/23 1182/5/23
f 1177/5/23 1190/5/23 1176/5/23
f 1178/5/23 1191/5/23 1177/5/23
f 1179/5/23 1192/5/23 1178/5/23
f 1180/5/23 1193/5/23 1179/5/23
f 1181/5/23 1194/5/23 1180/5/23
f 1175/5/23 1195/5/23 1181/5/23
f 1206/10/23 1214/10/23 1216/10/23
f 1217/10/23 1201/10/23 1200/10/23
f 1216/10/23 1215/10/23 1217/10/23
f 1168/5/1 1204/5/1 1176/5/1
f 1169/5/2 1212/5/2 1168/5/2
f 1176/5/1 1202/5/1 1177/5/1
f 1170/5/26 1213/5/26 1169/5/26
f 1177/5/1 1218/5/1 1178/5/1
f 1171/5/26 1205/5/26 1170/5/26
f 1178/5/1 1223/5/1 1179/5/1
f 1172/5/26 1203/5/26 1171/5/26
f 1201/10/232 1218/10/232 1200/10/232
f 1206/10/233 1213/10/233 1207/10/233
f 1207/10/234 1205/10/234 1214/10/234
f 1214/10/234 1203/10/234 1215/10/234
f 1201/10/234 1203/10/234 1219/10/234
f 1206/10/235 1204/10/235 1212/10/235
f 1217/10/235 1204/10/235 1216/10/235
f 1200/10/235 1202/10/235 1217/10/235
f 64/2/2 63/2/2 1227/2/2
f 88/2/2 1228/2/2 296/2/2
f 1231/2/2 1230/2/2 89/2/2
f 272/2/2 63/2/2 1226/2/2
f 274/2/2 1233/2/2 1234/2/2
f 274/2/2 1232/2/2 272/2/2
f 294/2/2 1233/2/2 62/2/2
f 295/2/2 1235/2/2 294/2/2
f 64/2/2 1236/2/2 297/2/2
f 297/2/2 1230/2/2 298/2/2
f 295/2/2 1228/2/2 1237/2/2
f 312/2/2 1229/2/2 88/2/2
f 314/2/2 89/2/2 1239/2/2
f 312/2/2 1239/2/2 1238/2/2
f 1145/6/23 1240/6/23 1241/6/23
f 1149/6/23 1141/6/23 1243/6/23
f 1145/6/23 1244/6/23 1143/6/23
f 1144/6/23 1142/6/23 1240/6/23
f 1246/6/23 1142/6/23 1245/6/23
f 1143/6/23 1242/6/23 1149/6/23
f 1247/6/23 1148/6/23 1246/6/23
f 1255/2/2 1250/2/2 1253/2/2
f 1248/2/2 1264/2/2 1249/2/2
f 1263/2/2 1252/2/2 1249/2/2
f 1254/2/2 1253/2/2 1252/2/2
f 1249/2/2 1256/2/2 1248/2/2
f 1252/2/2 1266/2/2 1256/2/2
f 1251/2/2 1267/2/2 1250/2/2
f 1259/13/23 1270/13/23 1260/13/23
f 1261/13/23 1260/13/23 1262/13/23
f 1257/13/23 1262/13/23 1258/13/23
f 295/2/8 1253/2/8 296/2/8
f 272/1/26 1249/1/26 1264/1/26
f 1245/8/8 1261/8/8 1246/8/8
f 312/1/8 1250/1/8 1267/1/8
f 62/1/8 1265/1/8 1248/1/8
f 1149/8/2 1260/8/2 1143/8/2
f 1231/1/8 1268/1/8 1251/1/8
f 272/2/2 1265/2/2 274/2/2
f 1246/8/8 1257/8/8 1247/8/8
f 312/2/8 1268/2/8 314/2/8
f 294/1/8 1248/1/8 1256/1/8
f 243/2/2 1314/2/2 352/2/2
f 1137/2/2 354/2/2 311/2/2
f 310/2/2 354/2/2 342/2/2
f 310/2/2 341/2/2 87/2/2
f 282/2/2 1237/2/2 353/2/2
f 87/2/2 353/2/2 1237/2/2
f 334/2/2 359/2/2 326/2/2
f 46/7/240 1271/7/240 231/7/240
f 48/7/241 1273/7/241 1274/7/241
f 47/7/242 1276/7/242 1275/7/242
f 46/7/243 1274/7/243 1272/7/243
f 45/7/240 1277/7/240 1276/7/240
f 231/7/240 1277/7/240 230/7/240
f 47/7/241 1278/7/241 232/7/241
f 232/7/241 1273/7/241 233/7/241
f 53/7/244 1279/7/244 263/7/244
f 52/7/245 1282/7/245 54/7/245
f 55/7/246 1283/7/246 1284/7/246
f 55/7/247 1280/7/247 53/7/247
f 52/7/244 1285/7/244 1281/7/244
f 263/7/244 1285/7/244 262/7/244
f 54/7/248 1286/7/248 264/7/248
f 264/7/246 1283/7/246 265/7/246
f 389/7/249 1287/7/249 383/7/249
f 389/7/250 1289/7/250 1288/7/250
f 390/7/251 384/7/251 1289/7/251
f 1292/7/249 1291/7/249 724/7/249
f 1293/7/249 387/7/249 1292/7/249
f 383/7/249 385/7/249 1293/7/249
f 725/7/251 388/7/251 1295/7/251
f 1295/7/251 1296/7/251 386/7/251
f 386/7/251 384/7/251 1290/7/251
f 724/7/249 381/7/249 1297/7/249
f 382/7/251 1294/7/251 725/7/251
f 362/7/252 685/7/252 31/7/252
f 371/7/252 106/7/252 107/7/252
f 685/7/252 371/7/252 107/7/252
f 684/7/253 363/7/253 32/7/253
f 684/7/253 104/7/253 368/7/253
f 103/7/253 368/7/253 104/7/253
f 103/7/253 366/7/253 367/7/253
f 102/7/253 364/7/253 366/7/253
f 34/7/254 364/7/254 33/7/254
f 106/7/252 369/7/252 105/7/252
f 105/7/252 365/7/252 34/7/252
f 9/1/1 1299/1/1 1300/1/1
f 9/1/1 1301/1/1 112/1/1
f 29/1/255 1302/1/255 1303/1/255
f 29/1/256 27/1/256 1304/1/256
f 227/1/257 1306/1/257 861/1/257
f 229/1/17 1308/1/17 1307/1/17
f 35/1/17 1309/1/17 1310/1/17
f 860/1/258 1306/1/258 1308/1/258
f 110/1/1 27/1/1 1311/1/1
f 112/1/1 1312/1/1 482/1/1
f 110/1/1 1313/1/1 247/1/1
f 220/1/1 1299/1/1 221/1/1
f 12/1/17 1316/1/17 222/1/17
f 222/1/17 1302/1/17 223/1/17
f 226/1/17 1310/1/17 1317/1/17
f 226/1/17 1305/1/17 227/1/17
f 228/1/17 1309/1/17 39/1/17
f 229/1/17 1318/1/17 228/1/17
f 566/1/1 1320/1/1 245/1/1
f 220/1/1 1320/1/1 1314/1/1
f 477/1/1 1321/1/1 896/1/1
f 478/1/1 1322/1/1 477/1/1
f 479/1/1 1323/1/1 478/1/1
f 480/1/1 1324/1/1 479/1/1
f 481/1/1 1325/1/1 480/1/1
f 482/1/1 1326/1/1 481/1/1
f 561/1/1 1313/1/1 1327/1/1
f 562/1/1 1327/1/1 1328/1/1
f 563/1/1 1328/1/1 1329/1/1
f 564/1/1 1329/1/1 1330/1/1
f 565/1/1 1330/1/1 1331/1/1
f 566/1/1 1331/1/1 1319/1/1
f 8/1/1 1333/1/1 111/1/1
f 216/1/1 1332/1/1 8/1/1
f 111/1/1 1335/1/1 246/1/1
f 246/1/1 1334/1/1 216/1/1
f 44/1/259 1337/1/259 1336/1/259
f 36/1/260 1338/1/260 1339/1/260
f 36/1/261 1337/1/261 42/1/261
f 44/1/262 1338/1/262 40/1/262
f 12/1/17 1340/1/17 1315/1/17
f 896/1/1 1340/1/1 50/1/1
f 1433/1/26 1524/1/26 1551/1/26
f 1937/2/2 281/2/2 1973/2/2
f 1503/2/2 1505/2/2 1467/2/2
f 2517/3/263 1341/3/263 1349/3/263
f 2146/4/2 2160/4/2 2161/4/2
f 1391/2/2 1552/2/2 1576/2/2
f 1935/1/4 779/1/4 2025/1/4
f 1942/3/5 30/3/5 1940/3/5
f 458/1/264 1995/1/264 1996/1/264
f 1470/1/26 1471/1/26 1455/1/26
f 1959/1/7 135/1/7 1957/1/7
f 1408/4/8 1407/4/8 1409/4/8
f 1611/4/8 1707/4/8 1705/4/8
f 1643/2/9 2546/2/9 2540/2/9
f 2389/5/26 1439/5/26 1678/5/26
f 2360/2/2 308/2/2 1976/2/2
f 1950/6/10 2374/6/10 2367/6/10
f 1939/1/11 181/1/11 5/1/11
f 1397/1/11 1348/1/11 1422/1/11
f 2529/1/265 1343/1/265 1348/1/265
f 1343/3/266 1357/3/266 1348/3/266
f 1425/3/14 1343/3/14 1419/3/14
f 2511/3/267 1366/3/267 1562/3/267
f 2536/3/9 2503/3/9 2535/3/9
f 1524/1/268 2099/1/268 1531/1/268
f 1527/1/269 1362/1/269 1532/1/269
f 1347/1/269 1358/1/269 1362/1/269
f 2100/6/18 2563/6/18 2562/6/18
f 1536/7/269 1368/7/269 1534/7/269
f 2505/3/270 2536/3/270 2543/3/270
f 2502/3/271 2532/3/271 2534/3/271
f 2501/3/272 2534/3/272 2533/3/272
f 1558/1/269 1364/1/269 1560/1/269
f 1374/1/269 1360/1/269 1361/1/269
f 1556/1/269 1361/1/269 1561/1/269
f 2566/1/269 1366/1/269 1364/1/269
f 1563/7/269 1377/7/269 1375/7/269
f 2513/3/273 1360/3/273 1559/3/273
f 2512/3/23 1364/3/23 1366/3/23
f 1360/3/274 2510/3/274 1361/3/274
f 1941/3/14 1421/3/14 1939/3/14
f 1427/3/14 1420/3/14 1421/3/14
f 1426/3/14 1419/3/14 1420/3/14
f 1935/1/11 1424/1/11 1940/1/11
f 1399/1/11 1423/1/11 1424/1/11
f 1398/1/11 1422/1/11 1423/1/11
f 1343/1/11 1388/1/11 1419/1/11
f 1419/1/11 1497/1/11 1420/1/11
f 1420/1/11 1495/1/11 1421/1/11
f 1353/2/2 1604/2/2 2371/2/2
f 1604/2/2 2363/2/2 1606/2/2
f 2363/2/2 1608/2/2 1606/2/2
f 1441/1/23 1947/1/23 1951/1/23
f 1443/1/23 1684/1/23 1441/1/23
f 1445/1/23 1685/1/23 1443/1/23
f 1705/4/8 1706/4/8 1407/4/8
f 1587/4/8 1586/4/8 1588/4/8
f 1589/4/8 1588/4/8 1609/4/8
f 1990/4/8 1609/4/8 1988/4/8
f 1614/4/8 1610/4/8 1611/4/8
f 1601/4/8 1611/4/8 1612/4/8
f 1471/1/25 1457/1/25 1455/1/25
f 1472/1/25 1499/1/25 1457/1/25
f 1473/1/7 1461/1/7 1459/1/7
f 1481/5/1 1346/5/1 1436/5/1
f 1482/5/27 1476/5/27 1449/5/27
f 1730/1/275 1498/1/275 1475/1/275
f 1357/3/5 1422/3/5 1348/3/5
f 1428/3/5 1423/3/5 1422/3/5
f 1429/3/5 1424/3/5 1423/3/5
f 2541/1/276 2019/1/276 1557/1/276
f 2528/1/277 1397/1/277 2022/1/277
f 1397/1/4 2024/1/4 2022/1/4
f 1398/1/4 2023/1/4 2024/1/4
f 1934/2/2 1572/2/2 1970/2/2
f 1393/2/2 1574/2/2 1572/2/2
f 1392/2/2 1576/2/2 1574/2/2
f 1670/3/30 1382/3/30 1383/3/30
f 1673/3/31 1395/3/31 1394/3/31
f 2516/3/30 1384/3/30 1341/3/30
f 1946/2/2 1463/2/2 1955/2/2
f 1506/2/2 1465/2/2 1463/2/2
f 1507/2/2 1467/2/2 1465/2/2
f 1410/2/2 2460/2/2 2469/2/2
f 2487/8/8 2376/8/8 2476/8/8
f 1943/2/2 1543/2/2 1967/2/2
f 1379/2/2 1545/2/2 1543/2/2
f 1545/2/2 1381/2/2 1547/2/2
f 1521/9/278 1468/9/278 1453/9/278
f 1914/1/279 1475/1/279 1908/1/279
f 1401/9/2 1717/9/2 1402/9/2
f 1788/1/34 1447/1/34 1782/1/34
f 1510/9/8 1733/9/8 1508/9/8
f 1782/1/34 1474/1/34 1752/1/34
f 2367/6/10 2472/6/10 2365/6/10
f 1776/1/23 1443/1/23 1770/1/23
f 1136/6/10 2380/6/10 1950/6/10
f 1770/1/23 1441/1/23 1764/1/23
f 2472/6/10 2366/6/10 2365/6/10
f 1764/1/23 1951/1/23 2012/1/23
f 1677/1/26 1439/1/26 1616/1/26
f 1848/1/26 1440/1/26 2369/1/26
f 2475/6/35 1938/6/35 1418/6/35
f 2414/5/8 1439/5/8 1445/5/8
f 1679/1/26 1438/1/26 1596/1/26
f 1965/9/8 203/9/8 1963/9/8
f 1800/1/26 1474/1/26 1470/1/26
f 1962/9/2 1718/9/2 1401/9/2
f 489/3/36 1961/3/36 2006/3/36
f 2526/1/26 1578/1/26 1552/1/26
f 2548/1/26 2135/1/26 1830/1/26
f 1637/2/23 1581/2/23 1598/2/23
f 1651/2/37 1618/2/37 1626/2/37
f 1800/1/26 1627/1/26 1854/1/26
f 1884/2/38 1598/2/38 1842/2/38
f 1505/1/26 1626/1/26 1618/1/26
f 1464/2/2 2170/2/2 2169/2/2
f 1465/2/2 1625/2/2 1624/2/2
f 1462/2/2 2169/2/2 2168/2/2
f 1463/2/2 1624/2/2 1623/2/2
f 1954/2/2 2168/2/2 2183/2/2
f 1955/2/2 1623/2/2 1978/2/2
f 1458/1/25 2167/1/25 2172/1/25
f 1459/1/25 1622/1/25 1628/1/25
f 1456/1/25 2166/1/25 2165/1/25
f 1457/1/25 1621/1/25 1620/1/25
f 1454/1/25 2165/1/25 2164/1/25
f 1455/1/25 1620/1/25 1619/1/25
f 1956/1/25 927/1/25 2182/1/25
f 1957/1/25 325/1/25 1977/1/25
f 2171/1/26 1454/1/26 2164/1/26
f 1470/1/26 1619/1/26 1627/1/26
f 1625/2/2 1505/2/2 1618/2/2
f 1488/5/2 1474/5/2 1447/5/2
f 1491/5/39 1404/5/39 1405/5/39
f 1494/5/40 1449/5/40 1476/5/40
f 1484/5/41 1727/5/41 1472/5/41
f 1490/5/39 1346/5/39 1404/5/39
f 1493/5/26 1405/5/26 1449/5/26
f 1479/5/42 1404/5/42 1346/5/42
f 1478/5/27 1436/5/27 1476/5/27
f 1405/5/26 1482/5/26 1449/5/26
f 1477/5/42 1405/5/42 1404/5/42
f 1484/5/9 1489/5/9 1490/5/9
f 1491/5/9 1484/5/9 1490/5/9
f 1483/5/9 1492/5/9 1489/5/9
f 1493/5/9 1485/5/9 1491/5/9
f 1488/5/9 1493/5/9 1494/5/9
f 1492/5/9 1488/5/9 1494/5/9
f 1474/5/26 1483/5/26 1471/5/26
f 1492/5/40 1476/5/40 1436/5/40
f 1346/5/1 1492/5/1 1436/5/1
f 1485/5/1 1728/5/1 1727/5/1
f 1487/5/2 1447/5/2 1728/5/2
f 1483/5/41 1472/5/41 1471/5/41
f 1933/1/43 1390/1/43 1958/1/43
f 1936/1/44 183/1/44 1959/1/44
f 1495/1/43 1389/1/43 1390/1/43
f 1473/1/44 1726/1/44 1406/1/44
f 1499/1/280 1473/1/280 1459/1/280
f 2172/1/281 1500/1/281 1458/1/281
f 1628/1/282 1499/1/282 1459/1/282
f 1799/3/283 1452/3/283 1811/3/283
f 1960/3/49 190/3/49 116/3/49
f 1953/3/50 1451/3/50 1961/3/50
f 1350/1/284 1403/1/284 1504/1/284
f 1453/1/26 1350/1/26 1504/1/26
f 1946/1/52 195/1/52 1962/1/52
f 1507/1/52 1401/1/52 1402/1/52
f 1503/1/52 1402/1/52 1403/1/52
f 1509/1/285 1450/1/285 1732/1/285
f 1729/1/36 1510/1/36 1508/1/36
f 1510/1/286 1437/1/286 1511/1/286
f 1437/1/26 1468/1/26 1511/1/26
f 1953/11/54 1734/11/54 1501/11/54
f 1512/1/26 1453/1/26 1468/1/26
f 1721/11/55 1518/11/55 1520/11/55
f 1717/9/56 1515/9/56 1516/9/56
f 1516/9/287 1513/9/287 1514/9/287
f 1514/9/26 1522/9/26 1521/9/26
f 1994/11/58 206/11/58 1992/11/58
f 1516/9/288 1504/9/288 1403/9/288
f 1511/9/289 1515/9/289 1510/9/289
f 1717/9/2 1403/9/2 1402/9/2
f 1504/9/2 1521/9/2 1453/9/2
f 1522/9/290 1511/9/290 1468/9/290
f 1716/9/8 1509/9/8 1732/9/8
f 1812/1/26 2134/1/26 1746/1/26
f 1812/1/26 1551/1/26 2085/1/26
f 1526/1/26 1435/1/26 1345/1/26
f 1526/1/26 1549/1/26 1548/1/26
f 1544/2/2 1391/2/2 1392/2/2
f 1544/2/2 1547/2/2 1546/2/2
f 1542/2/2 1392/2/2 1393/2/2
f 1543/2/2 1544/2/2 1542/2/2
f 1966/2/2 1393/2/2 1934/2/2
f 1967/2/2 1542/2/2 1966/2/2
f 2081/7/26 2054/7/26 1539/7/26
f 2076/7/23 2062/7/23 2060/7/23
f 2073/7/26 2053/7/26 2054/7/26
f 2542/1/276 2020/1/276 2541/1/276
f 2528/1/276 2021/1/276 2542/1/276
f 2503/3/272 2544/3/272 2535/3/272
f 2506/3/272 2533/3/272 2544/3/272
f 2500/3/270 2531/3/270 2532/3/270
f 2499/3/270 2543/3/270 2531/3/270
f 1371/7/269 1535/7/269 1369/7/269
f 1537/7/269 1534/7/269 1535/7/269
f 2098/1/291 1528/1/291 1533/1/291
f 1528/1/269 1532/1/269 1533/1/269
f 1358/1/269 1529/1/269 1530/1/269
f 1529/1/269 1531/1/269 1530/1/269
f 2082/7/23 2061/7/23 1567/7/23
f 2066/7/26 2052/7/26 2053/7/26
f 2089/4/2 2136/4/2 2137/4/2
f 2085/1/26 1524/1/26 1529/1/26
f 1546/2/2 2526/2/2 1391/2/2
f 1547/2/2 2525/2/2 1546/2/2
f 1824/1/26 1431/1/26 1740/1/26
f 1830/1/26 1579/1/26 1824/1/26
f 1553/1/26 1432/1/26 1342/1/26
f 1552/1/26 1577/1/26 1553/1/26
f 2485/2/2 2463/2/2 1594/2/2
f 1574/2/2 2466/2/2 2464/2/2
f 1571/2/2 1386/2/2 2459/2/2
f 1572/2/2 2464/2/2 1571/2/2
f 1969/2/2 2459/2/2 1932/2/2
f 1970/2/2 1571/2/2 1969/2/2
f 2028/1/63 1666/1/63 1667/1/63
f 2075/7/23 2060/7/23 2061/7/23
f 2026/1/63 1667/1/63 1663/1/63
f 2077/7/26 1567/7/26 2052/7/26
f 1556/1/8 1663/1/8 1374/1/8
f 1557/1/276 2026/1/276 1556/1/276
f 2508/3/273 1560/3/273 1364/3/273
f 2507/3/273 1559/3/273 1560/3/273
f 1376/7/269 1566/7/269 1564/7/269
f 1564/7/269 1565/7/269 1563/7/269
f 1366/1/269 1557/1/269 1562/1/269
f 1562/1/269 1556/1/269 1561/1/269
f 1360/1/269 1554/1/269 1559/1/269
f 1559/1/269 1558/1/269 1560/1/269
f 2510/3/267 1561/3/267 1361/3/267
f 2514/3/267 1562/3/267 1561/3/267
f 2029/1/63 14/1/63 1945/1/63
f 2080/7/9 2056/7/9 2058/7/9
f 2466/2/2 1342/2/2 2465/2/2
f 1576/2/2 1553/2/2 2466/2/2
f 1579/1/26 1372/1/26 1431/1/26
f 2135/1/26 1554/1/26 1579/1/26
f 1836/1/26 1432/1/26 1745/1/26
f 1842/1/26 1597/1/26 1836/1/26
f 1686/1/26 1431/1/26 1372/1/26
f 1679/1/26 1595/1/26 1686/1/26
f 2484/2/2 1594/2/2 1593/2/2
f 2498/8/2 2375/8/2 2377/8/2
f 1411/1/26 2483/1/26 1592/1/26
f 2491/2/2 1593/2/2 1387/2/2
f 1582/2/2 2465/2/2 1342/2/2
f 1582/2/2 2469/2/2 2467/2/2
f 1974/4/8 1612/4/8 1948/4/8
f 1585/4/8 1713/4/8 1586/4/8
f 1697/4/23 1662/4/23 1661/4/23
f 1986/4/9 25/4/9 1984/4/9
f 1696/4/23 1661/4/23 1665/4/23
f 1701/4/1 1600/4/1 1599/4/1
f 1597/1/26 1342/1/26 1432/1/26
f 1598/1/26 1582/1/26 1597/1/26
f 1695/4/23 1665/4/23 1664/4/23
f 1689/4/1 1599/4/1 1680/4/1
f 1972/2/2 4/2/2 1932/2/2
f 1973/2/2 280/2/2 1972/2/2
f 1878/2/64 2539/2/64 2553/2/64
f 1687/1/26 1438/1/26 1351/1/26
f 1677/1/26 1615/1/26 1687/1/26
f 1985/4/23 1664/4/23 1983/4/23
f 1698/4/1 1584/4/1 1583/4/1
f 1704/4/9 1415/4/9 1352/4/9
f 1703/4/1 1583/4/1 1662/4/1
f 1584/4/1 1689/4/1 1680/4/1
f 1694/4/9 1414/4/9 1415/4/9
f 2490/8/2 1243/8/2 2381/8/2
f 1606/2/2 2471/2/2 2470/2/2
f 1603/2/2 2461/2/2 1410/2/2
f 1603/2/2 1606/2/2 2470/2/2
f 1975/2/2 22/2/2 1937/2/2
f 1976/2/2 307/2/2 1975/2/2
f 1600/4/1 1704/4/1 1352/4/1
f 1692/4/9 1413/4/9 1414/4/9
f 1458/1/292 1621/1/292 1628/1/292
f 1469/1/26 1619/1/26 1454/1/26
f 1977/1/25 134/1/25 1956/1/25
f 1619/1/25 1456/1/25 1454/1/25
f 1620/1/25 1500/1/25 1456/1/25
f 1628/1/25 1460/1/25 1458/1/25
f 1978/2/2 1462/2/2 1954/2/2
f 1623/2/2 1464/2/2 1462/2/2
f 1624/2/2 1466/2/2 1464/2/2
f 2175/2/67 1469/2/67 2171/2/67
f 1647/2/68 1615/2/68 1616/2/68
f 1637/2/26 1632/2/26 1644/2/26
f 1884/2/26 1631/2/26 1637/2/26
f 1630/2/26 1638/2/26 1643/2/26
f 1860/2/26 1639/2/26 1878/2/26
f 2181/2/26 1642/2/26 2175/2/26
f 2173/2/26 1641/2/26 2174/2/26
f 1890/2/26 1631/2/26 1871/2/26
f 1896/2/26 1648/2/26 1890/2/26
f 1648/2/26 1632/2/26 1631/2/26
f 1649/2/26 1633/2/26 1648/2/26
f 1650/2/26 1641/2/26 1640/2/26
f 1872/2/26 1652/2/26 1642/2/26
f 1901/2/69 1616/2/69 1853/2/69
f 1907/2/70 1626/2/70 1859/2/70
f 1645/2/9 2369/2/9 2371/2/9
f 1635/2/71 1596/2/71 1438/2/71
f 1642/2/72 1627/2/72 1469/2/72
f 1646/2/2 1438/2/2 1615/2/2
f 1639/2/73 2537/2/73 2539/2/73
f 1650/2/2 1466/2/2 1625/2/2
f 2173/2/2 1381/2/2 2170/2/2
f 1381/2/2 1643/2/2 1547/2/2
f 1655/7/74 1654/7/74 1653/7/74
f 363/7/74 1660/7/74 1657/7/74
f 1657/7/74 1659/7/74 1656/7/74
f 1656/7/74 1658/7/74 1655/7/74
f 1676/1/75 1341/1/75 1384/1/75
f 1341/1/75 1374/1/75 1349/1/75
f 1349/1/75 1663/1/75 1396/1/75
f 1944/1/75 1382/1/75 1979/1/75
f 1682/1/75 1383/1/75 1382/1/75
f 1683/1/75 1384/1/75 1383/1/75
f 1945/1/75 378/1/75 1980/1/75
f 1667/1/75 1394/1/75 1395/1/75
f 1663/1/75 1395/1/75 1396/1/75
f 1982/7/75 1297/7/75 1981/7/75
f 1675/7/75 1668/7/75 1674/7/75
f 2518/7/75 2521/7/75 1668/7/75
f 1671/7/75 2520/7/75 2521/7/75
f 2524/3/31 1396/3/31 1395/3/31
f 2515/3/30 1383/3/30 1384/3/30
f 1669/3/31 1349/3/31 1396/3/31
f 2522/3/31 1394/3/31 1980/3/31
f 2519/3/30 375/3/30 1979/3/30
f 1662/1/8 1676/1/8 1661/1/8
f 1352/1/8 1677/1/8 1600/1/8
f 1351/1/8 1584/1/8 1680/1/8
f 1681/1/8 1352/1/8 1415/1/8
f 1944/1/8 397/1/8 1983/1/8
f 1683/1/8 1664/1/8 1665/1/8
f 1676/1/8 1665/1/8 1661/1/8
f 1947/1/8 1413/1/8 1984/1/8
f 1684/1/8 1414/1/8 1413/1/8
f 1685/1/8 1415/1/8 1414/1/8
f 1686/1/8 1662/1/8 1583/1/8
f 1679/1/8 1583/1/8 1584/1/8
f 1687/1/8 1680/1/8 1599/1/8
f 1677/1/8 1599/1/8 1600/1/8
f 1688/4/76 1699/4/76 1690/4/76
f 1713/4/293 1704/4/293 1702/4/293
f 1690/4/294 1613/4/294 1688/4/294
f 1587/4/9 1691/4/9 1692/4/9
f 1706/4/23 1703/4/23 1697/4/23
f 1990/4/9 418/4/9 1986/4/9
f 1586/4/79 1702/4/79 1693/4/79
f 1407/4/23 1697/4/23 1696/4/23
f 1712/4/295 1693/4/295 1700/4/295
f 1709/4/81 1690/4/81 1699/4/81
f 1409/4/23 1696/4/23 1695/4/23
f 1613/4/1 1700/4/1 1688/4/1
f 1989/4/23 1695/4/23 1985/4/23
f 1698/4/296 1709/4/296 1699/4/296
f 1715/4/9 1694/4/9 1704/4/9
f 1714/4/1 1698/4/1 1703/4/1
f 1585/4/9 1692/4/9 1694/4/9
f 1700/4/8 1689/4/8 1688/4/8
f 1693/4/82 1701/4/82 1700/4/82
f 1612/4/8 1705/4/8 1408/4/8
f 1949/4/8 1409/4/8 1989/4/8
f 1948/4/8 1408/4/8 1949/4/8
f 1707/4/8 1714/4/8 1706/4/8
f 1610/4/8 1708/4/8 1707/4/8
f 1711/4/8 1613/4/8 1614/4/8
f 1588/4/8 1712/4/8 1711/4/8
f 1710/4/8 1614/4/8 1601/4/8
f 1609/4/8 1711/4/8 1710/4/8
f 1987/4/8 1601/4/8 1974/4/8
f 1988/4/8 1710/4/8 1987/4/8
f 1517/9/56 1717/9/56 1518/9/56
f 1964/9/56 207/9/56 1991/9/56
f 1518/9/56 1718/9/56 1520/9/56
f 1724/9/56 1517/9/56 1519/9/56
f 1965/9/56 1519/9/56 1992/9/56
f 1723/10/56 1720/10/56 1722/10/56
f 1993/10/56 443/10/56 1994/10/56
f 1723/11/26 1517/11/26 1518/11/26
f 1722/11/58 1519/11/58 1517/11/58
f 1993/11/55 1520/11/55 1991/11/55
f 1719/9/8 1725/9/8 1509/9/8
f 1936/1/297 1496/1/297 1995/1/297
f 1726/1/84 1498/1/84 1496/1/84
f 1498/1/298 1728/1/298 1475/1/298
f 1793/1/299 1450/1/299 1913/1/299
f 1997/11/87 190/11/87 1952/11/87
f 1509/11/300 1738/11/300 1502/11/300
f 1799/11/301 1735/11/301 1731/11/301
f 1729/1/302 1732/1/302 1450/1/302
f 1733/9/8 1719/9/8 1716/9/8
f 1508/9/8 1716/9/8 1732/9/8
f 1997/11/36 1736/11/36 1999/11/36
f 1926/11/303 1734/11/303 1737/11/303
f 1998/11/304 469/11/304 2000/11/304
f 1739/11/305 1735/11/305 1738/11/305
f 1963/11/54 1736/11/54 1725/11/54
f 1926/11/306 1730/11/306 1914/11/306
f 1736/11/307 1509/11/307 1725/11/307
f 2000/11/87 458/11/87 1996/11/87
f 1738/11/308 1919/11/308 1502/11/308
f 1931/11/309 1918/11/309 1919/11/309
f 1930/11/306 1917/11/306 1918/11/306
f 1929/11/308 1916/11/308 1917/11/308
f 1928/11/309 1915/11/309 1916/11/309
f 1927/11/308 1914/11/308 1915/11/308
f 1735/11/310 1931/11/310 1738/11/310
f 1925/11/311 1930/11/311 1931/11/311
f 1930/11/312 1923/11/312 1929/11/312
f 1929/11/313 1922/11/313 1928/11/313
f 1928/11/314 1921/11/314 1927/11/314
f 1927/11/315 1920/11/315 1926/11/315
f 1501/11/301 1920/11/301 1794/11/301
f 1794/11/316 1921/11/316 1795/11/316
f 1795/11/317 1922/11/317 1796/11/317
f 1796/11/301 1923/11/301 1797/11/301
f 1797/11/301 1924/11/301 1798/11/301
f 1798/11/301 1925/11/301 1799/11/301
f 1475/1/318 1788/1/318 1908/1/318
f 1908/1/319 1789/1/319 1909/1/319
f 1909/1/319 1790/1/319 1910/1/319
f 1910/1/320 1791/1/320 1911/1/320
f 1911/1/299 1792/1/299 1912/1/299
f 1912/1/299 1793/1/299 1913/1/299
f 1652/2/70 1854/2/70 1627/2/70
f 1902/2/70 1855/2/70 1854/2/70
f 1903/2/70 1856/2/70 1855/2/70
f 1904/2/70 1857/2/70 1856/2/70
f 1905/2/70 1858/2/70 1857/2/70
f 1906/2/70 1859/2/70 1858/2/70
f 1649/2/69 1848/2/69 2369/2/69
f 1896/2/69 1849/2/69 1848/2/69
f 1897/2/69 1850/2/69 1849/2/69
f 1898/2/69 1851/2/69 1850/2/69
f 1899/2/69 1852/2/69 1851/2/69
f 1900/2/69 1853/2/69 1852/2/69
f 1641/2/26 1907/2/26 1877/2/26
f 1877/2/26 1906/2/26 1876/2/26
f 1876/2/26 1905/2/26 1875/2/26
f 1875/2/26 1904/2/26 1874/2/26
f 1874/2/26 1903/2/26 1873/2/26
f 1873/2/26 1902/2/26 1872/2/26
f 1647/2/26 1895/2/26 1646/2/26
f 1901/2/26 1894/2/26 1895/2/26
f 1900/2/26 1893/2/26 1894/2/26
f 1899/2/26 1892/2/26 1893/2/26
f 1898/2/26 1891/2/26 1892/2/26
f 1897/2/26 1890/2/26 1891/2/26
f 1646/2/26 1866/2/26 1635/2/26
f 1895/2/26 1867/2/26 1866/2/26
f 1894/2/26 1868/2/26 1867/2/26
f 1868/2/26 1892/2/26 1869/2/26
f 1892/2/26 1870/2/26 1869/2/26
f 1870/2/26 1890/2/26 1871/2/26
f 2174/2/26 1877/2/26 2176/2/26
f 2176/2/26 1876/2/26 2177/2/26
f 2177/2/26 1875/2/26 2178/2/26
f 2178/2/26 1874/2/26 2179/2/26
f 2179/2/26 1873/2/26 2180/2/26
f 2180/2/26 1872/2/26 2181/2/26
f 1629/2/26 1883/2/26 1638/2/26
f 1865/2/26 1882/2/26 1883/2/26
f 1864/2/26 1881/2/26 1882/2/26
f 1863/2/26 1880/2/26 1881/2/26
f 1862/2/26 1879/2/26 1880/2/26
f 1861/2/26 1878/2/26 1879/2/26
f 1636/2/26 1866/2/26 1889/2/26
f 1889/2/26 1867/2/26 1888/2/26
f 1888/2/26 1868/2/26 1887/2/26
f 1887/2/26 1869/2/26 1886/2/26
f 1886/2/26 1870/2/26 1885/2/26
f 1885/2/26 1871/2/26 1884/2/26
f 1638/2/64 2545/2/64 2546/2/64
f 1883/2/64 2557/2/64 2545/2/64
f 1882/2/64 2556/2/64 2557/2/64
f 1881/2/64 2555/2/64 2556/2/64
f 1880/2/64 2554/2/64 2555/2/64
f 1879/2/64 2553/2/64 2554/2/64
f 1596/1/26 1841/1/26 1595/1/26
f 1847/1/26 1840/1/26 1841/1/26
f 1846/1/26 1839/1/26 1840/1/26
f 1845/1/26 1838/1/26 1839/1/26
f 1844/1/26 1837/1/26 1838/1/26
f 1843/1/26 1836/1/26 1837/1/26
f 1595/1/26 1740/1/26 1431/1/26
f 1841/1/26 1741/1/26 1740/1/26
f 1840/1/26 1742/1/26 1741/1/26
f 1839/1/26 1743/1/26 1742/1/26
f 1838/1/26 1744/1/26 1743/1/26
f 1837/1/26 1745/1/26 1744/1/26
f 1578/1/26 1829/1/26 1577/1/26
f 1835/1/26 1828/1/26 1829/1/26
f 1834/1/26 1827/1/26 1828/1/26
f 1833/1/26 1826/1/26 1827/1/26
f 1832/1/26 1825/1/26 1826/1/26
f 1831/1/26 1824/1/26 1825/1/26
f 1577/1/26 1745/1/26 1432/1/26
f 1829/1/26 1744/1/26 1745/1/26
f 1828/1/26 1743/1/26 1744/1/26
f 1827/1/26 1742/1/26 1743/1/26
f 1826/1/26 1741/1/26 1742/1/26
f 1825/1/26 1740/1/26 1741/1/26
f 1548/1/26 1823/1/26 1817/1/26
f 1817/1/26 1822/1/26 1816/1/26
f 1816/1/26 1821/1/26 1815/1/26
f 1815/1/26 1820/1/26 1814/1/26
f 1814/1/26 1819/1/26 1813/1/26
f 1813/1/26 1818/1/26 1812/1/26
f 1548/1/26 1751/1/26 1435/1/26
f 1817/1/26 1750/1/26 1751/1/26
f 1816/1/26 1749/1/26 1750/1/26
f 1815/1/26 1748/1/26 1749/1/26
f 1814/1/26 1747/1/26 1748/1/26
f 1813/1/26 1746/1/26 1747/1/26
f 1451/3/283 1794/3/283 1806/3/283
f 1794/3/283 1807/3/283 1806/3/283
f 1795/3/283 1808/3/283 1807/3/283
f 1796/3/283 1809/3/283 1808/3/283
f 1797/3/283 1810/3/283 1809/3/283
f 1798/3/283 1811/3/283 1810/3/283
f 1636/2/38 1847/2/38 1596/2/38
f 1889/2/38 1846/2/38 1847/2/38
f 1888/2/38 1845/2/38 1846/2/38
f 1887/2/38 1844/2/38 1845/2/38
f 1886/2/38 1843/2/38 1844/2/38
f 1885/2/38 1842/2/38 1843/2/38
f 1512/1/26 1859/1/26 1626/1/26
f 1805/1/26 1858/1/26 1859/1/26
f 1804/1/26 1857/1/26 1858/1/26
f 1803/1/26 1856/1/26 1857/1/26
f 1802/1/26 1855/1/26 1856/1/26
f 1801/1/26 1854/1/26 1855/1/26
f 2527/1/26 1835/1/26 1578/1/26
f 2538/1/26 1834/1/26 1835/1/26
f 2552/1/26 1833/1/26 1834/1/26
f 2551/1/26 1832/1/26 1833/1/26
f 2550/1/26 1831/1/26 1832/1/26
f 2549/1/26 1830/1/26 1831/1/26
f 116/3/36 2001/3/36 1960/3/36
f 494/9/42 2013/9/42 2001/9/42
f 493/3/36 2003/3/36 2002/3/36
f 2016/9/27 491/9/27 2004/9/27
f 491/3/36 2005/3/36 2004/3/36
f 2015/9/321 2004/9/321 2003/9/321
f 1512/1/26 1757/1/26 1805/1/26
f 1805/1/26 1756/1/26 1804/1/26
f 1804/1/26 1755/1/26 1803/1/26
f 1803/1/26 1754/1/26 1802/1/26
f 1802/1/26 1753/1/26 1801/1/26
f 1801/1/26 1752/1/26 1800/1/26
f 1440/1/23 1781/1/23 1446/1/23
f 2418/5/26 1761/5/26 1760/5/26
f 2423/5/1 1776/5/1 1777/5/1
f 2417/5/26 1760/5/26 1759/5/26
f 2422/5/1 1445/5/1 1776/5/1
f 2416/5/26 1759/5/26 1758/5/26
f 1616/1/26 1758/1/26 1853/1/26
f 1853/1/26 1759/1/26 1852/1/26
f 1852/1/26 1760/1/26 1851/1/26
f 1851/1/26 1761/1/26 1850/1/26
f 1850/1/26 1762/1/26 1849/1/26
f 1849/1/26 1763/1/26 1848/1/26
f 1442/1/23 2007/1/23 2368/1/23
f 1769/1/23 2008/1/23 2007/1/23
f 1768/1/23 2009/1/23 2008/1/23
f 1767/1/23 2010/1/23 2009/1/23
f 1766/1/23 2011/1/23 2010/1/23
f 1765/1/23 2012/1/23 2011/1/23
f 1444/1/23 1769/1/23 1442/1/23
f 1775/1/23 1768/1/23 1769/1/23
f 1774/1/23 1767/1/23 1768/1/23
f 1773/1/23 1766/1/23 1767/1/23
f 1772/1/23 1765/1/23 1766/1/23
f 1771/1/23 1764/1/23 1765/1/23
f 1446/1/23 1775/1/23 1444/1/23
f 1781/1/23 1774/1/23 1775/1/23
f 1780/1/23 1773/1/23 1774/1/23
f 1779/1/23 1772/1/23 1773/1/23
f 1778/1/23 1771/1/23 1772/1/23
f 1777/1/23 1770/1/23 1771/1/23
f 1448/1/34 1757/1/34 1437/1/34
f 1787/1/34 1756/1/34 1757/1/34
f 1786/1/34 1755/1/34 1756/1/34
f 1785/1/34 1754/1/34 1755/1/34
f 1784/1/34 1753/1/34 1754/1/34
f 1783/1/34 1752/1/34 1753/1/34
f 1729/1/34 1787/1/34 1448/1/34
f 1793/1/34 1786/1/34 1787/1/34
f 1792/1/34 1785/1/34 1786/1/34
f 1791/1/34 1784/1/34 1785/1/34
f 1790/1/34 1783/1/34 1784/1/34
f 1789/1/34 1782/1/34 1783/1/34
f 1502/1/322 1913/1/322 1450/1/322
f 1919/1/299 1912/1/299 1913/1/299
f 1918/1/323 1911/1/323 1912/1/323
f 1917/1/324 1910/1/324 1911/1/324
f 1916/1/325 1909/1/325 1910/1/325
f 1915/1/326 1908/1/326 1909/1/326
f 2011/1/23 501/1/23 502/1/23
f 2010/1/23 502/1/23 503/1/23
f 2009/1/23 503/1/23 504/1/23
f 2008/1/23 504/1/23 505/1/23
f 2007/1/23 505/1/23 506/1/23
f 2368/1/23 506/1/23 121/1/23
f 2005/3/36 1806/3/36 1807/3/36
f 2004/3/36 1807/3/36 1808/3/36
f 2003/3/36 1808/3/36 1809/3/36
f 2002/3/36 1809/3/36 1810/3/36
f 2001/3/36 1810/3/36 1811/3/36
f 1960/3/36 1811/3/36 1452/3/36
f 1737/11/87 1996/11/87 1730/11/87
f 203/11/54 1999/11/54 1963/11/54
f 1734/11/327 2000/11/327 1737/11/327
f 463/11/36 1999/11/36 466/11/36
f 1735/11/87 1952/11/87 1731/11/87
f 452/1/328 1995/1/328 19/1/328
f 444/11/55 1991/11/55 207/11/55
f 1721/10/56 1994/10/56 1720/10/56
f 442/9/56 1992/9/56 206/9/56
f 1718/9/56 1991/9/56 1520/9/56
f 21/4/8 1988/4/8 1987/4/8
f 306/4/8 1987/4/8 1974/4/8
f 288/4/8 1949/4/8 287/4/8
f 287/4/8 1989/4/8 286/4/8
f 286/4/23 1985/4/23 407/4/23
f 1589/4/9 1986/4/9 1691/4/9
f 400/1/8 1984/1/8 25/1/8
f 1682/1/8 1983/1/8 1664/1/8
f 1672/3/30 1979/3/30 1382/3/30
f 1298/3/31 1980/3/31 378/3/31
f 2523/7/75 1981/7/75 2520/7/75
f 1666/1/75 1980/1/75 1394/1/75
f 7/1/75 1979/1/75 375/1/75
f 327/2/2 1954/2/2 138/2/2
f 1622/1/25 1956/1/25 1460/1/25
f 1608/2/2 1975/2/2 2471/2/2
f 2471/2/2 1937/2/2 1412/2/2
f 407/4/23 1983/4/23 397/4/23
f 2462/2/2 1972/2/2 2468/2/2
f 2468/2/2 1932/2/2 2459/2/2
f 1691/4/9 1984/4/9 1413/4/9
f 306/4/8 1948/4/8 288/4/8
f 2070/7/9 1539/7/9 2057/7/9
f 2027/1/63 1945/1/63 1666/1/63
f 1969/2/2 4/2/2 252/2/2
f 1970/2/2 252/2/2 253/2/2
f 2079/7/23 819/7/23 2062/7/23
f 2072/7/9 2057/7/9 2056/7/9
f 219/2/2 1966/2/2 218/2/2
f 218/2/2 1934/2/2 10/2/2
f 1720/11/58 1992/11/58 1519/11/58
f 191/11/54 1998/11/54 1953/11/54
f 1506/1/52 1962/1/52 1401/1/52
f 191/3/50 1961/3/50 115/3/50
f 1452/3/49 1952/3/49 1960/3/49
f 1726/1/44 1959/1/44 1406/1/44
f 181/1/43 1958/1/43 28/1/43
f 1461/1/25 1977/1/25 1622/1/25
f 1460/1/25 2182/1/25 2167/1/25
f 137/2/2 1978/2/2 327/2/2
f 138/2/2 2183/2/2 926/2/2
f 2006/3/36 1451/3/36 1806/3/36
f 195/9/2 1964/9/2 1962/9/2
f 1724/9/8 1963/9/8 1725/9/8
f 2012/1/23 120/1/23 501/1/23
f 2473/6/35 1418/6/35 1417/6/35
f 6/2/2 1967/2/2 219/2/2
f 18/2/2 1955/2/2 137/2/2
f 10/2/2 1970/2/2 253/2/2
f 430/4/8 1990/4/8 1988/4/8
f 1951/1/23 400/1/23 120/1/23
f 16/1/11 1940/1/11 30/1/11
f 32/3/14 1939/3/14 5/3/14
f 1421/1/11 1933/1/11 1939/1/11
f 2364/2/2 1976/2/2 1608/2/2
f 1406/1/7 1957/1/7 1461/1/7
f 1996/1/329 1496/1/329 1730/1/329
f 1430/3/5 1940/3/5 1424/3/5
f 829/7/9 2058/7/9 818/7/9
f 1399/1/4 2025/1/4 2023/1/4
f 1412/2/2 1973/2/2 2462/2/2
f 761/9/36 2014/9/36 2013/9/36
f 759/9/36 2016/9/36 2015/9/36
f 757/9/36 2018/9/36 2017/9/36
f 2017/9/330 2006/9/330 2005/9/330
f 490/9/42 2017/9/42 2005/9/42
f 2013/9/331 2002/9/331 2001/9/331
f 2014/9/27 493/9/27 2002/9/27
f 2018/9/27 489/9/27 2006/9/27
f 492/9/42 2015/9/42 2003/9/42
f 2032/3/26 2020/3/26 2021/3/26
f 2038/3/23 2029/3/23 2027/3/23
f 2043/3/1 2055/3/1 1538/3/1
f 2035/3/9 2022/3/9 2024/3/9
f 2051/3/9 1570/3/9 1971/3/9
f 2040/3/23 780/3/23 2029/3/23
f 2042/3/1 1538/3/1 1400/3/1
f 2037/3/23 2028/3/23 2026/3/23
f 2050/3/9 2059/3/9 1569/3/9
f 2041/3/1 1400/3/1 1568/3/1
f 2031/3/26 2019/3/26 2020/3/26
f 2034/3/9 2024/3/9 2023/3/9
f 2030/3/8 2042/3/8 2041/3/8
f 2031/3/8 2043/3/8 2042/3/8
f 2032/3/8 2044/3/8 2043/3/8
f 2035/3/8 2045/3/8 2046/3/8
f 2044/3/8 2035/3/8 2046/3/8
f 2034/3/8 2047/3/8 2045/3/8
f 2048/3/8 2030/3/8 2041/3/8
f 2038/3/8 2050/3/8 2049/3/8
f 2039/3/8 2048/3/8 2050/3/8
f 2040/3/8 2049/3/8 2051/3/8
f 2036/3/8 805/3/8 2047/3/8
f 793/3/8 2051/3/8 806/3/8
f 2047/3/23 224/3/23 1968/3/23
f 2046/3/23 1541/3/23 1540/3/23
f 2033/3/26 2021/3/26 2022/3/26
f 2030/3/26 2026/3/26 2019/3/26
f 806/3/9 1971/3/9 256/3/9
f 2044/3/23 1540/3/23 2055/3/23
f 2045/3/23 1968/3/23 1541/3/23
f 2036/3/9 2023/3/9 2025/3/9
f 792/3/9 2025/3/9 779/3/9
f 2048/3/1 1568/3/1 2059/3/1
f 2039/3/23 2027/3/23 2028/3/23
f 2049/3/9 1569/3/9 1570/3/9
f 1568/3/8 2053/3/8 2052/3/8
f 1400/3/8 2054/3/8 2053/3/8
f 1538/3/8 1539/3/8 2054/3/8
f 1540/3/8 2056/3/8 2057/3/8
f 1539/3/8 1540/3/8 2057/3/8
f 1541/3/8 2058/3/8 2056/3/8
f 1567/3/8 1568/3/8 2052/3/8
f 1570/3/8 2061/3/8 2060/3/8
f 1569/3/8 1567/3/8 2061/3/8
f 1971/3/8 2060/3/8 2062/3/8
f 1968/3/8 818/3/8 2058/3/8
f 256/3/8 2062/3/8 819/3/8
f 2063/7/8 820/7/8 2078/7/8
f 2066/7/332 2067/7/332 2077/7/332
f 2065/7/8 2068/7/8 2067/7/8
f 2069/7/8 2064/7/8 2065/7/8
f 2070/7/121 2071/7/121 2069/7/121
f 2073/7/332 2065/7/332 2066/7/332
f 2073/7/333 2070/7/333 2069/7/333
f 2074/7/8 821/7/8 2063/7/8
f 2080/7/121 828/7/121 2074/7/121
f 2067/7/122 2076/7/122 2075/7/122
f 2077/7/8 2075/7/8 2082/7/8
f 2078/7/122 836/7/122 2079/7/122
f 2068/7/122 2079/7/122 2076/7/122
f 2072/7/121 2074/7/121 2071/7/121
f 2071/7/8 2063/7/8 2064/7/8
f 2064/7/8 2078/7/8 2068/7/8
f 1373/1/26 1434/1/26 1344/1/26
f 1529/1/26 1344/1/26 1523/1/26
f 1434/1/26 2085/1/26 1550/1/26
f 1550/1/26 1529/1/26 1523/1/26
f 2095/4/334 2140/4/334 2141/4/334
f 2087/4/167 2138/4/167 2136/4/167
f 2088/4/335 2137/4/335 2139/4/335
f 2138/4/8 2088/4/8 2139/4/8
f 2093/4/336 2090/4/336 2091/4/336
f 2092/4/337 2089/4/337 2088/4/337
f 2086/4/8 2092/4/8 2088/4/8
f 2093/4/2 2087/4/2 2089/4/2
f 2097/4/23 2094/4/23 2095/4/23
f 2094/4/338 2142/4/338 2140/4/338
f 2142/4/339 2097/4/339 2143/4/339
f 2143/4/340 2095/4/340 2141/4/340
f 2530/1/341 1367/1/341 1365/1/341
f 1363/1/342 2099/1/342 1359/1/342
f 1359/1/343 2530/1/343 1365/1/343
f 1367/1/344 2098/1/344 1363/1/344
f 2102/4/345 2104/4/345 2100/4/345
f 2102/6/8 2562/6/8 2564/6/8
f 2565/6/136 2102/6/136 2564/6/136
f 2563/6/2 2103/6/2 2565/6/2
f 2109/4/346 2123/4/346 2105/4/346
f 2123/1/347 2102/1/347 2103/1/347
f 2101/4/348 2123/4/348 2103/4/348
f 2100/4/349 2105/4/349 2101/4/349
f 2126/4/350 2108/4/350 2110/4/350
f 2108/4/351 2116/4/351 2104/4/351
f 2110/4/352 2104/4/352 2122/4/352
f 2132/1/353 2115/1/353 2114/1/353
f 2127/4/26 2112/4/26 2126/4/26
f 2115/1/354 2129/1/354 2124/1/354
f 2113/4/355 2111/4/355 2109/4/355
f 2113/4/356 2120/4/356 2112/4/356
f 2118/4/357 2117/4/357 2116/4/357
f 2120/4/358 2119/4/358 2118/4/358
f 2119/4/359 2113/4/359 2109/4/359
f 2117/4/360 2109/4/360 2105/4/360
f 2116/4/361 2105/4/361 2104/4/361
f 2112/4/362 2118/4/362 2108/4/362
f 2106/1/154 2123/1/154 2107/1/154
f 2107/1/363 2111/1/363 2124/1/363
f 2110/1/364 2106/1/364 2125/1/364
f 2127/1/365 2114/1/365 2115/1/365
f 2114/1/366 2110/1/366 2125/1/366
f 2111/1/367 2115/1/367 2124/1/367
f 2131/3/368 2128/3/368 2130/3/368
f 2129/3/369 2132/3/369 2128/3/369
f 2124/1/370 2131/1/370 2107/1/370
f 2125/1/371 2132/1/371 2114/1/371
f 2130/1/372 2125/1/372 2106/1/372
f 2131/1/373 2106/1/373 2107/1/373
f 2566/1/26 1555/1/26 2083/1/26
f 2084/1/26 2566/1/26 2083/1/26
f 1580/1/26 2547/1/26 2084/1/26
f 1558/1/26 1580/1/26 1555/1/26
f 2138/4/8 2560/4/8 2558/4/8
f 2139/4/374 2561/4/374 2560/4/374
f 2136/4/124 2558/4/124 2559/4/124
f 2561/4/2 2136/4/2 2559/4/2
f 2091/4/375 2141/4/375 2087/4/375
f 2090/4/376 2143/4/376 2091/4/376
f 2140/4/377 2090/4/377 2086/4/377
f 2141/4/378 2086/4/378 2087/4/378
f 2150/4/2 2147/4/2 2146/4/2
f 2163/4/8 2145/4/8 2162/4/8
f 2147/4/182 2163/4/182 2160/4/182
f 2145/4/379 2161/4/379 2162/4/379
f 2150/4/380 2148/4/380 2151/4/380
f 2144/4/8 2149/4/8 2145/4/8
f 2152/4/175 2148/4/175 2144/4/175
f 2149/4/381 2146/4/381 2145/4/381
f 2158/4/26 2155/4/26 2154/4/26
f 2148/4/26 2155/4/26 2151/4/26
f 2153/4/1 2144/4/1 2147/4/1
f 2155/4/177 2147/4/177 2151/4/177
f 2159/4/178 2156/4/178 2157/4/178
f 2159/4/179 2153/4/179 2155/4/179
f 2153/4/1 2156/4/1 2152/4/1
f 2156/4/180 2154/4/180 2152/4/180
f 2162/4/382 2084/4/382 2083/4/382
f 2160/4/172 1555/4/172 1580/4/172
f 2163/4/8 2083/4/8 1555/4/8
f 2084/4/2 2160/4/2 1580/4/2
f 926/2/2 1943/2/2 6/2/2
f 2167/1/25 1958/1/25 1390/1/25
f 1861/2/26 2181/2/26 1860/2/26
f 1862/2/26 2180/2/26 1861/2/26
f 1863/2/26 2179/2/26 1862/2/26
f 1864/2/26 2178/2/26 1863/2/26
f 1865/2/26 2177/2/26 1864/2/26
f 1629/2/26 2176/2/26 1865/2/26
f 1640/2/2 2170/2/2 1466/2/2
f 1630/2/26 2174/2/26 1629/2/26
f 1860/2/26 2175/2/26 1634/2/26
f 1634/2/67 2171/2/67 2537/2/67
f 1389/1/281 2166/1/281 2172/1/281
f 2537/1/26 2164/1/26 1354/1/26
f 2182/1/25 28/1/25 1958/1/25
f 2164/1/25 1388/1/25 1354/1/25
f 2165/1/25 1497/1/25 1388/1/25
f 2172/1/25 1390/1/25 1389/1/25
f 2183/2/2 1379/2/2 1943/2/2
f 2168/2/2 1380/2/2 1379/2/2
f 2169/2/2 1381/2/2 1380/2/2
f 2186/3/183 2233/3/183 2184/3/183
f 2188/3/184 2232/3/184 2186/3/184
f 2190/3/185 2234/3/185 2188/3/185
f 2192/3/186 2235/3/186 2190/3/186
f 2194/3/187 2236/3/187 2192/3/187
f 2196/3/188 2237/3/188 2194/3/188
f 2255/6/189 2197/6/189 2199/6/189
f 2198/3/189 2238/3/189 2196/3/189
f 2184/3/190 2239/3/190 2198/3/190
f 2194/3/1 2190/3/1 2186/3/1
f 2201/10/26 2208/10/26 2209/10/26
f 2200/10/26 2210/10/26 2208/10/26
f 2202/10/26 2211/10/26 2210/10/26
f 2203/10/26 2212/10/26 2211/10/26
f 2204/10/26 2213/10/26 2212/10/26
f 2205/10/26 2214/10/26 2213/10/26
f 2206/10/26 2215/10/26 2214/10/26
f 2215/10/26 2201/10/26 2209/10/26
f 2217/6/383 2240/6/383 2216/6/383
f 2216/6/384 2242/6/384 2218/6/384
f 2242/6/385 2219/6/385 2218/6/385
f 2243/6/386 2220/6/386 2219/6/386
f 2244/6/387 2221/6/387 2220/6/387
f 2245/6/388 2222/6/388 2221/6/388
f 2222/6/389 2247/6/389 2223/6/389
f 2247/6/390 2217/6/390 2223/6/390
f 2217/6/26 2187/6/26 2185/6/26
f 2257/6/199 2187/6/199 2216/6/199
f 2189/6/26 2219/6/26 2191/6/26
f 2265/6/188 2189/6/188 2187/6/188
f 2220/6/26 2195/6/26 2193/6/26
f 2270/6/200 2217/6/200 2185/6/200
f 2222/6/26 2199/6/26 2197/6/26
f 2263/6/201 2199/6/201 2223/6/201
f 2228/6/26 2230/6/26 2225/6/26
f 2253/6/187 2193/6/187 2195/6/187
f 2251/6/185 2189/6/185 2191/6/185
f 2248/6/183 2185/6/183 2187/6/183
f 2249/6/190 2199/6/190 2185/6/190
f 2254/6/188 2195/6/188 2197/6/188
f 2252/6/186 2191/6/186 2193/6/186
f 2250/6/184 2187/6/184 2189/6/184
f 2201/3/391 2232/3/391 2200/3/391
f 2232/3/392 2202/3/392 2200/3/392
f 2202/3/393 2235/3/393 2203/3/393
f 2203/3/394 2236/3/394 2204/3/394
f 2204/3/395 2237/3/395 2205/3/395
f 2205/3/396 2238/3/396 2206/3/396
f 2206/3/397 2239/3/397 2207/3/397
f 2207/3/398 2233/3/398 2201/3/398
f 2208/3/395 2241/3/395 2209/3/395
f 2242/3/396 2208/3/396 2210/3/396
f 2211/3/397 2242/3/397 2210/3/397
f 2212/3/398 2243/3/398 2211/3/398
f 2245/3/391 2212/3/391 2213/3/391
f 2246/3/392 2213/3/392 2214/3/392
f 2215/3/393 2246/3/393 2214/3/393
f 2241/3/394 2215/3/394 2209/3/394
f 2225/6/399 2248/6/399 2224/6/399
f 2248/6/400 2226/6/400 2224/6/400
f 2250/6/401 2227/6/401 2226/6/401
f 2227/6/402 2252/6/402 2228/6/402
f 2228/6/403 2253/6/403 2229/6/403
f 2253/6/404 2230/6/404 2229/6/404
f 2230/6/405 2255/6/405 2231/6/405
f 2255/6/406 2225/6/406 2231/6/406
f 2257/9/26 2264/9/26 2265/9/26
f 2267/9/26 2258/9/26 2266/9/26
f 2269/9/26 2260/9/26 2268/9/26
f 2263/9/26 2270/9/26 2271/9/26
f 2258/6/186 2219/6/186 2220/6/186
f 2264/6/218 2218/6/218 2189/6/218
f 2267/6/190 2193/6/190 2191/6/190
f 2259/6/219 2191/6/219 2219/6/219
f 2260/6/188 2221/6/188 2222/6/188
f 2266/6/220 2220/6/220 2193/6/220
f 2269/6/184 2197/6/184 2195/6/184
f 2261/6/221 2195/6/221 2221/6/221
f 2262/6/190 2223/6/190 2217/6/190
f 2268/6/222 2222/6/222 2197/6/222
f 2271/6/186 2185/6/186 2199/6/186
f 2256/6/184 2216/6/184 2218/6/184
f 2274/3/183 2321/3/183 2272/3/183
f 2276/3/184 2320/3/184 2274/3/184
f 2278/3/185 2322/3/185 2276/3/185
f 2280/3/186 2323/3/186 2278/3/186
f 2282/3/187 2324/3/187 2280/3/187
f 2284/3/188 2325/3/188 2282/3/188
f 2343/6/189 2285/6/189 2287/6/189
f 2286/3/189 2326/3/189 2284/3/189
f 2272/3/190 2327/3/190 2286/3/190
f 2282/3/1 2278/3/1 2274/3/1
f 2289/10/26 2296/10/26 2297/10/26
f 2288/10/26 2298/10/26 2296/10/26
f 2290/10/26 2299/10/26 2298/10/26
f 2291/10/26 2300/10/26 2299/10/26
f 2300/10/26 2293/10/26 2301/10/26
f 2301/10/26 2294/10/26 2302/10/26
f 2302/10/26 2295/10/26 2303/10/26
f 2303/10/26 2289/10/26 2297/10/26
f 2329/6/383 2304/6/383 2305/6/383
f 2328/6/384 2306/6/384 2304/6/384
f 2330/6/385 2307/6/385 2306/6/385
f 2331/6/386 2308/6/386 2307/6/386
f 2308/6/387 2333/6/387 2309/6/387
f 2333/6/388 2310/6/388 2309/6/388
f 2310/6/389 2335/6/389 2311/6/389
f 2335/6/390 2305/6/390 2311/6/390
f 2305/6/26 2275/6/26 2273/6/26
f 2345/6/199 2275/6/199 2304/6/199
f 2306/6/26 2279/6/26 2277/6/26
f 2353/6/188 2277/6/188 2275/6/188
f 2308/6/26 2283/6/26 2281/6/26
f 2358/6/200 2305/6/200 2273/6/200
f 2310/6/26 2287/6/26 2285/6/26
f 2351/6/201 2287/6/201 2311/6/201
f 2316/6/26 2318/6/26 2313/6/26
f 2341/6/187 2281/6/187 2283/6/187
f 2339/6/185 2277/6/185 2279/6/185
f 2336/6/183 2273/6/183 2275/6/183
f 2337/6/190 2287/6/190 2273/6/190
f 2342/6/188 2283/6/188 2285/6/188
f 2340/6/186 2279/6/186 2281/6/186
f 2338/6/184 2275/6/184 2277/6/184
f 2289/3/391 2320/3/391 2288/3/391
f 2320/3/392 2290/3/392 2288/3/392
f 2322/3/393 2291/3/393 2290/3/393
f 2291/3/394 2324/3/394 2292/3/394
f 2292/3/395 2325/3/395 2293/3/395
f 2293/3/396 2326/3/396 2294/3/396
f 2294/3/397 2327/3/397 2295/3/397
f 2295/3/398 2321/3/398 2289/3/398
f 2328/3/395 2297/3/395 2296/3/395
f 2298/3/396 2328/3/396 2296/3/396
f 2299/3/397 2330/3/397 2298/3/397
f 2332/3/398 2299/3/398 2300/3/398
f 2301/3/391 2332/3/391 2300/3/391
f 2334/3/392 2301/3/392 2302/3/392
f 2335/3/393 2302/3/393 2303/3/393
f 2297/3/394 2335/3/394 2303/3/394
f 2337/6/399 2312/6/399 2313/6/399
f 2312/6/400 2338/6/400 2314/6/400
f 2338/6/401 2315/6/401 2314/6/401
f 2339/6/402 2316/6/402 2315/6/402
f 2340/6/403 2317/6/403 2316/6/403
f 2341/6/404 2318/6/404 2317/6/404
f 2318/6/405 2343/6/405 2319/6/405
f 2319/6/406 2337/6/406 2313/6/406
f 2353/9/26 2344/9/26 2352/9/26
f 2355/9/26 2346/9/26 2354/9/26
f 2349/9/26 2356/9/26 2357/9/26
f 2359/9/26 2350/9/26 2358/9/26
f 2346/6/186 2307/6/186 2308/6/186
f 2352/6/218 2306/6/218 2277/6/218
f 2355/6/190 2281/6/190 2279/6/190
f 2347/6/219 2279/6/219 2307/6/219
f 2348/6/188 2309/6/188 2310/6/188
f 2354/6/220 2308/6/220 2281/6/220
f 2357/6/184 2285/6/184 2283/6/184
f 2349/6/221 2283/6/221 2309/6/221
f 2350/6/190 2311/6/190 2305/6/190
f 2356/6/222 2310/6/222 2285/6/222
f 2359/6/186 2273/6/186 2287/6/186
f 2344/6/184 2304/6/184 2306/6/184
f 1125/1/23 1938/1/23 26/1/23
f 2362/1/23 2361/1/23 1416/1/23
f 2363/1/23 1416/1/23 1417/1/23
f 2364/1/23 1417/1/23 1418/1/23
f 1446/1/23 2365/1/23 2366/1/23
f 1444/1/23 2367/1/23 2365/1/23
f 1442/1/23 1950/1/23 2367/1/23
f 1617/1/26 1440/1/26 2370/1/26
f 1440/1/407 2366/1/407 2370/1/407
f 1353/1/26 1602/1/26 2361/1/26
f 1602/1/26 2369/1/26 1617/1/26
f 2360/1/23 1418/1/23 1938/1/23
f 2368/1/23 1136/1/23 1950/1/23
f 2382/6/26 2373/6/26 2383/6/26
f 2379/6/23 2472/6/23 2473/6/23
f 2479/2/2 1387/2/2 2458/2/2
f 1591/1/408 2486/1/408 1590/1/408
f 2373/6/23 2378/6/23 2379/6/23
f 2497/8/26 2377/8/26 2376/8/26
f 2370/6/409 2382/6/409 1617/6/409
f 2474/6/35 26/6/35 1938/6/35
f 2378/6/225 2370/6/225 2366/6/225
f 2361/6/35 2379/6/35 1416/6/35
f 2383/6/410 2361/6/410 1602/6/410
f 1416/6/35 2473/6/35 1417/6/35
f 2382/6/411 1602/6/411 1617/6/411
f 2397/5/1 2386/5/1 2385/5/1
f 2390/5/2 1445/5/2 1439/5/2
f 2388/5/8 1678/5/8 1681/5/8
f 2391/5/1 1681/5/1 1445/5/1
f 2389/5/23 2384/5/23 2385/5/23
f 2390/5/23 2385/5/23 2386/5/23
f 2388/5/23 2387/5/23 2384/5/23
f 2391/5/23 2386/5/23 2387/5/23
f 2399/5/26 2384/5/26 2387/5/26
f 2396/5/2 2385/5/2 2384/5/2
f 2398/5/8 2387/5/8 2386/5/8
f 2429/5/1 2407/5/1 2406/5/1
f 2454/5/8 2413/5/8 2407/5/8
f 2452/5/1 2406/5/1 2405/5/1
f 2457/5/26 2412/5/26 2413/5/26
f 2451/5/1 2405/5/1 2404/5/1
f 2456/5/26 2411/5/26 2412/5/26
f 2424/5/1 1777/5/1 1778/5/1
f 2419/5/26 1762/5/26 1761/5/26
f 2421/5/2 1781/5/2 1763/5/2
f 2425/5/1 1778/5/1 1779/5/1
f 2420/5/26 1763/5/26 1762/5/26
f 2426/5/1 1779/5/1 1780/5/1
f 2427/5/1 1780/5/1 1781/5/1
f 2415/5/26 1758/5/26 1439/5/26
f 2415/5/23 2400/5/23 2401/5/23
f 2416/5/23 2401/5/23 2402/5/23
f 2417/5/23 2402/5/23 2403/5/23
f 2418/5/23 2403/5/23 2404/5/23
f 2419/5/23 2404/5/23 2405/5/23
f 2420/5/23 2405/5/23 2406/5/23
f 2407/5/23 2420/5/23 2406/5/23
f 2400/5/23 2422/5/23 2408/5/23
f 2422/5/23 2409/5/23 2408/5/23
f 2423/5/23 2410/5/23 2409/5/23
f 2424/5/23 2411/5/23 2410/5/23
f 2425/5/23 2412/5/23 2411/5/23
f 2426/5/23 2413/5/23 2412/5/23
f 2427/5/23 2407/5/23 2413/5/23
f 2446/10/23 2438/10/23 2448/10/23
f 2433/10/23 2449/10/23 2432/10/23
f 2447/10/23 2448/10/23 2449/10/23
f 2436/5/26 2400/5/26 2408/5/26
f 2444/5/2 2401/5/2 2400/5/2
f 2434/5/26 2408/5/26 2409/5/26
f 2445/5/1 2402/5/1 2401/5/1
f 2450/5/26 2409/5/26 2410/5/26
f 2437/5/1 2403/5/1 2402/5/1
f 2455/5/26 2410/5/26 2411/5/26
f 2435/5/1 2404/5/1 2403/5/1
f 2450/10/232 2433/10/232 2432/10/232
f 2445/10/233 2438/10/233 2439/10/233
f 2437/10/235 2439/10/235 2446/10/235
f 2435/10/235 2446/10/235 2447/10/235
f 2433/10/235 2435/10/235 2447/10/235
f 2438/10/234 2436/10/234 2448/10/234
f 2436/10/234 2449/10/234 2448/10/234
f 2434/10/234 2432/10/234 2449/10/234
f 1387/2/2 1386/2/2 2458/2/2
f 2460/2/2 1411/2/2 1592/2/2
f 2463/2/2 2462/2/2 1594/2/2
f 1386/2/2 1573/2/2 2458/2/2
f 1575/2/2 2465/2/2 1385/2/2
f 2464/2/2 1575/2/2 1573/2/2
f 2465/2/2 1590/2/2 1385/2/2
f 2467/2/2 1591/2/2 1590/2/2
f 2468/2/2 1387/2/2 1593/2/2
f 2462/2/2 1593/2/2 1594/2/2
f 1591/2/2 2460/2/2 1592/2/2
f 2461/2/2 1605/2/2 1411/2/2
f 1607/2/2 1412/2/2 2463/2/2
f 2470/2/2 1607/2/2 1605/2/2
f 2377/6/23 2472/6/23 2376/6/23
f 1141/6/23 2381/6/23 1243/6/23
f 2475/6/23 2377/6/23 2375/6/23
f 2376/6/23 2374/6/23 2476/6/23
f 2374/6/23 2477/6/23 2476/6/23
f 2474/6/23 2375/6/23 2381/6/23
f 2380/6/23 1247/6/23 2477/6/23
f 2480/2/2 2485/2/2 2483/2/2
f 2492/2/2 2478/2/2 2479/2/2
f 2482/2/2 2491/2/2 2479/2/2
f 2483/2/2 2484/2/2 2482/2/2
f 2486/2/2 2479/2/2 2478/2/2
f 2494/2/2 2482/2/2 2486/2/2
f 2495/2/2 2481/2/2 2480/2/2
f 2498/13/23 2487/13/23 2488/13/23
f 2488/13/23 2489/13/23 2490/13/23
f 2490/13/23 1257/13/23 1258/13/23
f 2483/2/8 1591/2/8 1592/2/8
f 1573/1/26 2479/1/26 2458/1/26
f 2489/8/8 2476/8/8 2477/8/8
f 1605/1/26 2480/1/26 1411/1/26
f 1385/1/414 2493/1/414 1575/1/414
f 2488/8/2 2381/8/2 2375/8/2
f 2463/1/26 2496/1/26 1607/1/26
f 2493/2/2 1573/2/2 1575/2/2
f 1257/8/8 2477/8/8 1247/8/8
f 2496/2/8 1605/2/8 1607/2/8
f 1590/1/26 2478/1/26 1385/1/26
f 1547/2/2 1643/2/2 2540/2/2
f 2371/2/2 1604/2/2 1645/2/2
f 1603/2/2 1645/2/2 1604/2/2
f 1632/2/2 1603/2/2 1410/2/2
f 1581/2/2 1644/2/2 2469/2/2
f 1644/2/2 1410/2/2 2469/2/2
f 1625/2/2 1618/2/2 1650/2/2
f 2499/7/415 1369/7/415 1535/7/415
f 1371/7/416 2501/7/416 1537/7/416
f 1370/7/417 2504/7/417 1368/7/417
f 1369/7/418 2502/7/418 1371/7/418
f 1368/7/415 2505/7/415 1534/7/415
f 2505/7/415 1535/7/415 1534/7/415
f 2506/7/416 1370/7/416 1536/7/416
f 2501/7/416 1536/7/416 1537/7/416
f 2507/7/419 1376/7/419 1564/7/419
f 2510/7/420 1375/7/420 1377/7/420
f 1378/7/421 2511/7/421 1566/7/421
f 2508/7/422 1378/7/422 1376/7/422
f 1375/7/419 2513/7/419 1563/7/419
f 2513/7/419 1564/7/419 1563/7/419
f 2514/7/421 1377/7/421 1565/7/421
f 2511/7/423 1565/7/423 1566/7/423
f 2515/7/249 1674/7/249 1668/7/249
f 1674/7/424 2517/7/424 1675/7/424
f 1675/7/251 1669/7/251 2518/7/251
f 2519/7/249 2520/7/249 1981/7/249
f 1672/7/249 2521/7/249 2520/7/249
f 1670/7/249 1668/7/249 2521/7/249
f 1673/7/251 1982/7/251 2523/7/251
f 2524/7/251 2523/7/251 1671/7/251
f 1669/7/251 1671/7/251 2518/7/251
f 381/7/249 1981/7/249 1297/7/249
f 2522/7/251 382/7/251 1982/7/251
f 1942/7/252 362/7/252 31/7/252
f 1429/7/252 1660/7/252 1430/7/252
f 1942/7/252 1430/7/252 1660/7/252
f 363/7/253 1941/7/253 32/7/253
f 1941/7/253 1657/7/253 1427/7/253
f 1657/7/253 1426/7/253 1427/7/253
f 1426/7/253 1655/7/253 1425/7/253
f 1425/7/253 1653/7/253 1356/7/253
f 1653/7/425 1357/7/425 1356/7/425
f 1429/7/252 1658/7/252 1659/7/252
f 1428/7/252 1654/7/252 1658/7/252
f 1345/1/26 2525/1/26 1526/1/26
f 2527/1/26 1345/1/26 1435/1/26
f 1355/1/426 2528/1/426 1528/1/426
f 1354/1/427 1355/1/427 2530/1/427
f 2532/1/428 1531/1/428 2099/1/428
f 1533/1/429 2534/1/429 2098/1/429
f 1358/1/269 2535/1/269 1362/1/269
f 2098/1/430 2532/1/430 2099/1/430
f 1433/1/431 1354/1/431 2530/1/431
f 2538/1/26 1435/1/26 1751/1/26
f 2539/1/26 1433/1/26 1551/1/26
f 2525/1/26 1525/1/26 1526/1/26
f 2542/1/269 1347/1/269 1527/1/269
f 2528/1/269 1527/1/269 1528/1/269
f 1530/1/269 2536/1/269 1358/1/269
f 2531/1/269 1530/1/269 1531/1/269
f 2535/1/269 1532/1/269 1362/1/269
f 2544/1/269 1533/1/269 1532/1/269
f 2546/1/26 1823/1/26 1549/1/26
f 1525/1/26 2546/1/26 1549/1/26
f 2547/1/26 1746/1/26 2134/1/26
f 2548/1/26 1747/1/26 1746/1/26
f 2549/1/26 1748/1/26 1747/1/26
f 2550/1/26 1749/1/26 1748/1/26
f 2551/1/26 1750/1/26 1749/1/26
f 2552/1/26 1751/1/26 1750/1/26
f 1818/1/26 2539/1/26 1551/1/26
f 1819/1/26 2553/1/26 1818/1/26
f 1820/1/26 2554/1/26 1819/1/26
f 1821/1/26 2555/1/26 1820/1/26
f 1822/1/26 2556/1/26 1821/1/26
f 1823/1/26 2557/1/26 1822/1/26
f 2559/1/26 1344/1/26 1434/1/26
f 2558/1/26 1523/1/26 1344/1/26
f 2561/1/26 1434/1/26 1550/1/26
f 2560/1/26 1550/1/26 1523/1/26
f 1367/1/432 2563/1/432 1365/1/432
f 1359/1/433 2564/1/433 1363/1/433
f 2563/1/434 1359/1/434 1365/1/434
f 2564/1/435 1367/1/435 1363/1/435
f 1347/1/269 2566/1/269 1373/1/269
f 2566/1/26 2134/1/26 1373/1/26
f 217/1/436 1304/1/436 110/1/436
f 281/2/2 22/2/2 680/2/2
f 194/2/2 17/2/2 192/2/2
f 15/3/3 1/3/3 1288/3/3
f 922/4/2 909/4/2 908/4/2
f 248/2/2 1300/2/2 68/2/2
f 779/1/4 16/1/4 678/1/4
f 30/3/5 31/3/5 685/3/5
f 738/1/115 19/1/115 458/1/115
f 155/1/1 140/1/1 156/1/1
f 135/1/7 183/1/7 702/1/7
f 84/4/8 424/4/8 85/4/8
f 426/4/8 317/4/8 318/4/8
f 1320/2/9 347/2/9 352/2/9
f 118/5/1 1158/5/1 1157/5/1
f 308/2/2 1125/2/2 1124/2/2
f 693/6/10 1132/6/10 1142/6/10
f 682/1/11 5/1/11 181/1/11
f 13/1/11 1303/1/11 74/1/11
f 3/1/437 27/1/437 1303/1/437
f 3/3/438 13/3/438 34/3/438
f 3/3/14 33/3/14 102/3/14
f 43/3/15 1284/3/15 1283/3/15
f 1310/3/9 1309/3/9 1275/3/9
f 861/1/439 1304/1/439 217/1/439
f 39/1/17 12/1/17 222/1/17
f 35/1/17 50/1/17 12/1/17
f 1337/6/18 863/6/18 862/6/18
f 45/7/17 47/7/17 232/7/17
f 1310/3/19 1276/3/19 1277/3/19
f 1306/3/20 1272/3/20 1274/3/20
f 1308/3/21 1274/3/21 1273/3/21
f 41/1/17 1340/1/17 257/1/17
f 37/1/17 49/1/17 51/1/17
f 38/1/17 51/1/17 254/1/17
f 43/1/17 1315/1/17 1340/1/17
f 262/7/17 52/7/17 54/7/17
f 37/3/440 1281/3/440 1285/3/440
f 41/3/23 1280/3/23 1284/3/23
f 37/3/24 38/3/24 1282/3/24
f 98/3/14 104/3/14 684/3/14
f 97/3/14 103/3/14 104/3/14
f 96/3/14 102/3/14 103/3/14
f 101/1/11 76/1/11 678/1/11
f 100/1/11 75/1/11 76/1/11
f 99/1/11 74/1/11 75/1/11
f 3/1/11 96/1/11 65/1/11
f 96/1/11 97/1/11 184/1/11
f 97/1/11 98/1/11 180/1/11
f 311/2/2 1127/2/2 24/2/2
f 311/2/2 313/2/2 1128/2/2
f 315/2/2 1129/2/2 1128/2/2
f 690/1/23 401/1/23 122/1/23
f 401/1/23 402/1/23 124/1/23
f 402/1/23 396/1/23 126/1/23
f 425/4/8 426/4/8 424/4/8
f 290/4/8 289/4/8 291/4/8
f 292/4/8 291/4/8 293/4/8
f 316/4/8 293/4/8 733/4/8
f 317/4/8 320/4/8 321/4/8
f 318/4/8 321/4/8 305/4/8
f 142/1/25 157/1/25 156/1/25
f 186/1/25 453/1/25 157/1/25
f 146/1/7 83/1/7 158/1/7
f 11/5/26 164/5/26 166/5/26
f 161/5/27 163/5/27 167/5/27
f 185/1/441 182/1/441 456/1/441
f 99/3/5 105/3/5 34/3/5
f 100/3/5 106/3/5 105/3/5
f 101/3/5 107/3/5 106/3/5
f 768/1/29 769/1/29 1315/1/29
f 1302/1/442 771/1/442 74/1/442
f 773/1/4 75/1/4 74/1/4
f 772/1/4 76/1/4 75/1/4
f 271/2/2 70/2/2 677/2/2
f 273/2/2 69/2/2 70/2/2
f 275/2/2 68/2/2 69/2/2
f 59/3/30 387/3/30 385/3/30
f 72/3/31 1296/3/31 388/3/31
f 61/3/30 1287/3/30 1288/3/30
f 148/2/2 196/2/2 689/2/2
f 150/2/2 197/2/2 196/2/2
f 152/2/2 192/2/2 197/2/2
f 1228/2/2 1229/2/2 87/2/2
f 1144/8/8 1269/8/8 1259/8/8
f 239/2/2 56/2/2 686/2/2
f 241/2/2 57/2/2 56/2/2
f 241/2/2 243/2/2 58/2/2
f 153/9/443 215/9/443 214/9/443
f 160/1/444 456/1/444 657/1/444
f 78/9/2 79/9/2 438/9/2
f 128/1/34 454/1/34 531/1/34
f 200/9/8 198/9/8 460/9/8
f 159/1/34 128/1/34 525/1/34
f 1132/6/10 1130/6/10 1240/6/10
f 124/1/23 126/1/23 519/1/23
f 1136/6/10 693/6/10 1148/6/10
f 122/1/23 124/1/23 513/1/23
f 1131/6/10 1146/6/10 1240/6/10
f 694/1/23 122/1/23 507/1/23
f 392/1/1 323/1/1 118/1/1
f 591/1/1 1134/1/1 119/1/1
f 681/6/35 1242/6/35 1244/6/35
f 118/5/8 1183/5/8 1182/5/8
f 394/1/1 300/1/1 117/1/1
f 203/9/8 442/9/8 708/9/8
f 543/1/1 155/1/1 159/1/1
f 705/9/2 78/9/2 440/9/2
f 704/3/36 115/3/36 489/3/36
f 277/1/1 1301/1/1 1300/1/1
f 897/1/1 1321/1/1 1322/1/1
f 282/2/23 353/2/23 346/2/23
f 326/2/37 359/2/37 360/2/37
f 336/1/1 155/1/1 543/1/1
f 302/2/38 346/2/38 627/2/38
f 335/1/1 202/1/1 194/1/1
f 934/2/2 151/2/2 149/2/2
f 334/2/2 152/2/2 150/2/2
f 933/2/2 149/2/2 147/2/2
f 333/2/2 150/2/2 148/2/2
f 932/2/2 147/2/2 697/2/2
f 332/2/2 148/2/2 698/2/2
f 931/1/25 145/1/25 143/1/25
f 331/1/25 146/1/25 144/1/25
f 930/1/25 187/1/25 141/1/25
f 330/1/25 186/1/25 142/1/25
f 929/1/25 141/1/25 139/1/25
f 329/1/25 142/1/25 140/1/25
f 927/1/25 134/1/25 699/1/25
f 325/1/25 135/1/25 700/1/25
f 935/1/1 928/1/1 139/1/1
f 328/1/1 140/1/1 155/1/1
f 334/2/2 326/2/2 194/2/2
f 159/5/2 171/5/2 173/5/2
f 81/5/39 175/5/39 176/5/39
f 130/5/40 178/5/40 179/5/40
f 453/5/41 170/5/41 169/5/41
f 11/5/39 174/5/39 175/5/39
f 82/5/1 176/5/1 178/5/1
f 81/5/42 162/5/42 164/5/42
f 113/5/27 166/5/27 163/5/27
f 82/5/1 130/5/1 167/5/1
f 82/5/42 165/5/42 162/5/42
f 174/5/9 168/5/9 169/5/9
f 176/5/9 175/5/9 169/5/9
f 177/5/9 171/5/9 168/5/9
f 178/5/9 176/5/9 170/5/9
f 178/5/9 172/5/9 173/5/9
f 177/5/9 179/5/9 173/5/9
f 159/5/1 156/5/1 168/5/1
f 161/5/40 179/5/40 177/5/40
f 11/5/26 113/5/26 177/5/26
f 454/5/26 172/5/26 170/5/26
f 128/5/2 173/5/2 172/5/2
f 157/5/41 169/5/41 168/5/41
f 67/1/43 180/1/43 676/1/43
f 183/1/44 452/1/44 679/1/44
f 66/1/43 184/1/43 180/1/43
f 158/1/44 83/1/44 451/1/44
f 158/1/445 453/1/445 186/1/445
f 936/1/46 143/1/46 187/1/46
f 337/1/446 144/1/446 186/1/446
f 133/3/48 457/3/48 542/3/48
f 703/3/49 116/3/49 190/3/49
f 132/3/50 188/3/50 696/3/50
f 80/1/52 192/1/52 17/1/52
f 136/1/1 193/1/1 17/1/1
f 195/1/52 18/1/52 689/1/52
f 78/1/52 196/1/52 197/1/52
f 79/1/52 197/1/52 192/1/52
f 199/1/447 459/1/447 131/1/447
f 200/1/36 129/1/36 455/1/36
f 200/1/448 201/1/448 114/1/448
f 153/1/1 202/1/1 114/1/1
f 696/11/54 188/11/54 461/11/54
f 136/1/1 194/1/1 202/1/1
f 211/11/55 448/11/55 446/11/55
f 208/9/56 460/9/56 438/9/56
f 204/9/449 208/9/449 209/9/449
f 215/9/1 204/9/1 205/9/1
f 206/11/58 443/11/58 737/11/58
f 193/9/450 205/9/450 209/9/450
f 201/9/451 200/9/451 208/9/451
f 80/9/2 209/9/2 438/9/2
f 193/9/2 136/9/2 214/9/2
f 201/9/452 204/9/452 215/9/452
f 199/9/8 441/9/8 437/9/8
f 896/1/1 847/1/1 555/1/1
f 555/1/1 847/1/1 247/1/1
f 112/1/1 244/1/1 221/1/1
f 221/1/1 244/1/1 245/1/1
f 68/2/2 242/2/2 240/2/2
f 240/2/2 242/2/2 243/2/2
f 69/2/2 240/2/2 238/2/2
f 240/2/2 241/2/2 239/2/2
f 70/2/2 238/2/2 709/2/2
f 238/2/2 239/2/2 710/2/2
f 809/7/1 834/7/1 843/7/1
f 817/7/23 841/7/23 838/7/23
f 808/7/1 825/7/1 834/7/1
f 769/1/29 770/1/29 1316/1/29
f 770/1/29 771/1/29 1302/1/29
f 1318/3/21 1278/3/21 1275/3/21
f 1307/3/21 1273/3/21 1278/3/21
f 1305/3/19 1271/3/19 1272/3/19
f 1317/3/19 1277/3/19 1271/3/19
f 231/7/17 233/7/17 48/7/17
f 230/7/17 232/7/17 233/7/17
f 860/1/453 229/1/453 223/1/453
f 228/1/17 222/1/17 223/1/17
f 35/1/17 226/1/17 225/1/17
f 227/1/17 217/1/17 225/1/17
f 816/7/23 837/7/23 844/7/23
f 807/7/1 839/7/1 825/7/1
f 898/4/2 849/4/2 851/4/2
f 847/1/1 225/1/1 217/1/1
f 1300/2/2 1299/2/2 242/2/2
f 1299/2/2 1314/2/2 243/2/2
f 108/1/1 278/1/1 567/1/1
f 278/1/1 897/1/1 573/1/1
f 109/1/1 276/1/1 249/1/1
f 276/1/1 277/1/1 248/1/1
f 1231/2/2 1251/2/2 1255/2/2
f 1234/2/2 275/2/2 273/2/2
f 63/2/2 1232/2/2 270/2/2
f 1232/2/2 273/2/2 271/2/2
f 1227/2/2 270/2/2 712/2/2
f 270/2/2 271/2/2 713/2/2
f 379/1/63 776/1/63 777/1/63
f 815/7/23 838/7/23 837/7/23
f 380/1/63 777/1/63 775/1/63
f 266/7/1 844/7/1 839/7/1
f 374/1/454 775/1/454 254/1/454
f 775/1/29 768/1/29 255/1/29
f 259/3/440 1279/3/440 1280/3/440
f 258/3/440 1285/3/440 1279/3/440
f 53/7/17 263/7/17 265/7/17
f 263/7/17 262/7/17 264/7/17
f 43/1/17 261/1/17 255/1/17
f 261/1/17 260/1/17 254/1/17
f 37/1/17 258/1/17 250/1/17
f 258/1/17 259/1/17 257/1/17
f 260/3/455 1286/3/455 1282/3/455
f 261/3/15 1283/3/15 1286/3/15
f 14/1/63 780/1/63 778/1/63
f 811/7/9 833/7/9 842/7/9
f 2/2/2 249/2/2 1234/2/2
f 249/2/2 248/2/2 275/2/2
f 49/1/1 250/1/1 278/1/1
f 250/1/1 257/1/1 897/1/1
f 109/1/1 301/1/1 579/1/1
f 301/1/1 302/1/1 585/1/1
f 108/1/1 299/1/1 403/1/1
f 299/1/1 300/1/1 394/1/1
f 298/2/2 1255/2/2 1254/2/2
f 1143/8/2 1260/8/2 1270/8/2
f 88/1/1 296/1/1 1253/1/1
f 297/2/2 1254/2/2 1263/2/2
f 1233/2/2 1235/2/2 283/2/2
f 283/2/2 1235/2/2 1237/2/2
f 319/4/8 305/4/8 717/4/8
f 434/4/8 436/4/8 289/4/8
f 373/4/23 422/4/23 415/4/23
f 25/4/9 418/4/9 729/4/9
f 372/4/23 415/4/23 414/4/23
f 304/4/456 421/4/456 420/4/456
f 2/1/1 283/1/1 301/1/1
f 283/1/1 282/1/1 302/1/1
f 377/4/23 414/4/23 413/4/23
f 303/4/26 420/4/26 406/4/26
f 4/2/2 280/2/2 715/2/2
f 280/2/2 281/2/2 716/2/2
f 1313/2/64 348/2/64 621/2/64
f 117/1/1 322/1/1 404/1/1
f 322/1/1 323/1/1 392/1/1
f 376/4/23 413/4/23 728/4/23
f 285/4/457 417/4/457 416/4/457
f 92/4/9 412/4/9 423/4/9
f 284/4/26 416/4/26 422/4/26
f 285/4/26 395/4/26 406/4/26
f 91/4/9 410/4/9 412/4/9
f 1243/8/2 1258/8/2 1262/8/2
f 1239/2/2 315/2/2 313/2/2
f 1229/2/2 1238/2/2 310/2/2
f 310/2/2 1238/2/2 313/2/2
f 22/2/2 307/2/2 718/2/2
f 307/2/2 308/2/2 719/2/2
f 304/4/26 23/4/26 423/4/26
f 90/4/9 409/4/9 410/4/9
f 143/1/458 337/1/458 330/1/458
f 154/1/1 139/1/1 328/1/1
f 134/1/25 325/1/25 720/1/25
f 141/1/25 329/1/25 328/1/25
f 187/1/25 330/1/25 329/1/25
f 145/1/25 331/1/25 337/1/25
f 147/2/2 332/2/2 721/2/2
f 149/2/2 333/2/2 332/2/2
f 151/2/2 334/2/2 333/2/2
f 154/2/67 351/2/67 939/2/67
f 322/2/68 355/2/68 356/2/68
f 346/2/1 353/2/1 341/2/1
f 627/2/1 346/2/1 340/2/1
f 347/2/1 338/2/1 339/2/1
f 348/2/1 343/2/1 603/2/1
f 945/2/1 939/2/1 351/2/1
f 937/2/1 938/2/1 350/2/1
f 340/2/1 357/2/1 633/2/1
f 357/2/1 358/2/1 639/2/1
f 341/2/1 342/2/1 357/2/1
f 342/2/1 354/2/1 358/2/1
f 350/2/1 360/2/1 359/2/1
f 615/2/1 351/2/1 361/2/1
f 323/2/69 356/2/69 644/2/69
f 335/2/70 360/2/70 650/2/70
f 1134/2/9 358/2/9 354/2/9
f 300/2/71 345/2/71 344/2/71
f 336/2/72 361/2/72 351/2/72
f 117/2/2 344/2/2 355/2/2
f 1311/2/73 343/2/73 348/2/73
f 151/2/2 349/2/2 359/2/2
f 58/2/2 339/2/2 937/2/2
f 352/2/2 339/2/2 58/2/2
f 366/7/74 364/7/74 365/7/74
f 363/7/74 368/7/74 371/7/74
f 368/7/74 367/7/74 370/7/74
f 367/7/74 366/7/74 369/7/74
f 1/1/75 49/1/75 391/1/75
f 1/1/75 15/1/75 51/1/75
f 15/1/75 73/1/75 374/1/75
f 59/1/75 398/1/75 687/1/75
f 60/1/75 399/1/75 398/1/75
f 61/1/75 391/1/75 399/1/75
f 378/1/75 14/1/75 688/1/75
f 71/1/75 379/1/75 380/1/75
f 72/1/75 380/1/75 374/1/75
f 1297/7/75 382/7/75 725/7/75
f 383/7/75 1290/7/75 390/7/75
f 1293/7/75 386/7/75 1290/7/75
f 1292/7/75 1295/7/75 386/7/75
f 73/3/31 384/3/31 1296/3/31
f 60/3/30 385/3/30 1287/3/30
f 15/3/31 1289/3/31 384/3/31
f 71/3/31 388/3/31 1294/3/31
f 375/3/30 381/3/30 1291/3/30
f 373/1/8 372/1/8 391/1/8
f 23/1/8 304/1/8 392/1/8
f 285/1/8 394/1/8 20/1/8
f 23/1/8 393/1/8 396/1/8
f 397/1/8 7/1/8 687/1/8
f 376/1/8 398/1/8 399/1/8
f 377/1/8 399/1/8 391/1/8
f 90/1/8 401/1/8 690/1/8
f 91/1/8 402/1/8 401/1/8
f 92/1/8 396/1/8 402/1/8
f 373/1/8 49/1/8 403/1/8
f 284/1/8 403/1/8 394/1/8
f 395/1/8 20/1/8 404/1/8
f 303/1/8 404/1/8 392/1/8
f 417/4/76 406/4/76 405/4/76
f 423/4/26 436/4/26 434/4/26
f 408/4/459 405/4/459 320/4/459
f 409/4/9 293/4/9 291/4/9
f 422/4/23 435/4/23 425/4/23
f 418/4/9 429/4/9 733/4/9
f 421/4/79 434/4/79 290/4/79
f 415/4/23 425/4/23 84/4/23
f 411/4/78 290/4/78 433/4/78
f 408/4/81 317/4/81 428/4/81
f 414/4/23 84/4/23 86/4/23
f 419/4/26 433/4/26 320/4/26
f 413/4/23 86/4/23 732/4/23
f 416/4/460 417/4/460 428/4/460
f 412/4/9 289/4/9 436/4/9
f 416/4/26 427/4/26 435/4/26
f 410/4/9 291/4/9 289/4/9
f 406/4/8 420/4/8 419/4/8
f 420/4/82 421/4/82 411/4/82
f 424/4/8 318/4/8 319/4/8
f 86/4/8 85/4/8 692/4/8
f 85/4/8 319/4/8 691/4/8
f 435/4/8 427/4/8 426/4/8
f 427/4/8 428/4/8 317/4/8
f 320/4/8 433/4/8 432/4/8
f 433/4/8 290/4/8 292/4/8
f 321/4/8 432/4/8 431/4/8
f 432/4/8 292/4/8 316/4/8
f 305/4/8 431/4/8 730/4/8
f 431/4/8 316/4/8 731/4/8
f 210/9/56 211/9/56 438/9/56
f 207/9/56 439/9/56 707/9/56
f 211/9/56 213/9/56 440/9/56
f 210/9/56 460/9/56 449/9/56
f 212/9/56 449/9/56 708/9/56
f 448/10/56 447/10/56 445/10/56
f 736/10/56 737/10/56 443/10/56
f 210/11/1 447/11/1 448/11/1
f 212/11/58 445/11/58 447/11/58
f 213/11/55 446/11/55 736/11/55
f 441/9/8 199/9/8 450/9/8
f 182/1/84 451/1/84 679/1/84
f 185/1/84 453/1/84 451/1/84
f 185/1/461 160/1/461 454/1/461
f 131/1/462 455/1/462 536/1/462
f 190/11/87 463/11/87 740/11/87
f 199/11/88 189/11/88 468/11/88
f 542/11/103 457/11/103 462/11/103
f 459/1/463 198/1/463 455/1/463
f 441/9/8 449/9/8 460/9/8
f 437/9/8 460/9/8 198/9/8
f 465/11/36 462/11/36 740/11/36
f 669/11/464 467/11/464 461/11/464
f 469/11/36 464/11/36 741/11/36
f 470/11/465 468/11/465 462/11/465
f 706/11/54 450/11/54 465/11/54
f 456/11/96 467/11/96 669/11/96
f 199/11/95 470/11/95 465/11/95
f 458/11/87 469/11/87 743/11/87
f 662/11/97 674/11/97 468/11/97
f 661/11/96 673/11/96 674/11/96
f 660/11/96 672/11/96 673/11/96
f 659/11/97 671/11/97 672/11/97
f 658/11/96 670/11/96 671/11/96
f 657/11/94 669/11/94 670/11/94
f 674/11/466 668/11/466 462/11/466
f 673/11/100 667/11/100 668/11/100
f 673/11/100 672/11/100 666/11/100
f 672/11/467 671/11/467 665/11/467
f 671/11/102 670/11/102 664/11/102
f 670/11/91 669/11/91 663/11/91
f 188/11/103 537/11/103 663/11/103
f 537/11/89 538/11/89 664/11/89
f 538/11/468 539/11/468 665/11/468
f 539/11/103 540/11/103 666/11/103
f 540/11/103 541/11/103 667/11/103
f 541/11/103 542/11/103 668/11/103
f 160/1/105 651/1/105 531/1/105
f 651/1/106 652/1/106 532/1/106
f 652/1/106 653/1/106 533/1/106
f 653/1/107 654/1/107 534/1/107
f 654/1/86 655/1/86 535/1/86
f 655/1/86 656/1/86 536/1/86
f 597/2/70 645/2/70 361/2/70
f 598/2/70 646/2/70 645/2/70
f 599/2/70 647/2/70 646/2/70
f 600/2/70 648/2/70 647/2/70
f 601/2/70 649/2/70 648/2/70
f 602/2/70 650/2/70 649/2/70
f 591/2/69 639/2/69 358/2/69
f 592/2/69 640/2/69 639/2/69
f 593/2/69 641/2/69 640/2/69
f 594/2/69 642/2/69 641/2/69
f 595/2/69 643/2/69 642/2/69
f 596/2/69 644/2/69 643/2/69
f 350/2/1 620/2/1 650/2/1
f 620/2/1 619/2/1 649/2/1
f 619/2/1 618/2/1 648/2/1
f 618/2/1 617/2/1 647/2/1
f 617/2/1 616/2/1 646/2/1
f 616/2/1 615/2/1 645/2/1
f 638/2/1 644/2/1 356/2/1
f 637/2/1 643/2/1 644/2/1
f 636/2/1 642/2/1 643/2/1
f 635/2/1 641/2/1 642/2/1
f 634/2/1 640/2/1 641/2/1
f 633/2/1 639/2/1 640/2/1
f 609/2/1 638/2/1 355/2/1
f 610/2/1 637/2/1 638/2/1
f 611/2/1 636/2/1 637/2/1
f 611/2/1 612/2/1 635/2/1
f 613/2/1 634/2/1 635/2/1
f 613/2/1 614/2/1 633/2/1
f 938/2/1 940/2/1 620/2/1
f 940/2/1 941/2/1 619/2/1
f 941/2/1 942/2/1 618/2/1
f 942/2/1 943/2/1 617/2/1
f 943/2/1 944/2/1 616/2/1
f 944/2/1 945/2/1 615/2/1
f 626/2/1 608/2/1 338/2/1
f 625/2/1 607/2/1 608/2/1
f 624/2/1 606/2/1 607/2/1
f 623/2/1 605/2/1 606/2/1
f 622/2/1 604/2/1 605/2/1
f 621/2/1 603/2/1 604/2/1
f 345/2/1 632/2/1 609/2/1
f 632/2/1 631/2/1 610/2/1
f 631/2/1 630/2/1 611/2/1
f 630/2/1 629/2/1 612/2/1
f 629/2/1 628/2/1 613/2/1
f 628/2/1 627/2/1 614/2/1
f 1319/2/64 626/2/64 347/2/64
f 1331/2/64 625/2/64 626/2/64
f 1330/2/64 624/2/64 625/2/64
f 1329/2/64 623/2/64 624/2/64
f 1328/2/64 622/2/64 623/2/64
f 1327/2/64 621/2/64 622/2/64
f 584/1/1 590/1/1 300/1/1
f 583/1/1 589/1/1 590/1/1
f 582/1/1 588/1/1 589/1/1
f 581/1/1 587/1/1 588/1/1
f 580/1/1 586/1/1 587/1/1
f 579/1/1 585/1/1 586/1/1
f 471/1/1 584/1/1 299/1/1
f 472/1/1 583/1/1 584/1/1
f 473/1/1 582/1/1 583/1/1
f 474/1/1 581/1/1 582/1/1
f 475/1/1 580/1/1 581/1/1
f 476/1/1 579/1/1 580/1/1
f 572/1/1 578/1/1 277/1/1
f 571/1/1 577/1/1 578/1/1
f 570/1/1 576/1/1 577/1/1
f 569/1/1 575/1/1 576/1/1
f 568/1/1 574/1/1 575/1/1
f 567/1/1 573/1/1 574/1/1
f 476/1/1 572/1/1 276/1/1
f 475/1/1 571/1/1 572/1/1
f 474/1/1 570/1/1 571/1/1
f 473/1/1 569/1/1 570/1/1
f 472/1/1 568/1/1 569/1/1
f 471/1/1 567/1/1 568/1/1
f 244/1/1 560/1/1 566/1/1
f 560/1/1 559/1/1 565/1/1
f 559/1/1 558/1/1 564/1/1
f 558/1/1 557/1/1 563/1/1
f 557/1/1 556/1/1 562/1/1
f 556/1/1 555/1/1 561/1/1
f 482/1/1 560/1/1 244/1/1
f 481/1/1 559/1/1 560/1/1
f 480/1/1 558/1/1 559/1/1
f 479/1/1 557/1/1 558/1/1
f 478/1/1 556/1/1 557/1/1
f 477/1/1 555/1/1 556/1/1
f 132/3/48 549/3/48 537/3/48
f 550/3/48 538/3/48 537/3/48
f 551/3/48 539/3/48 538/3/48
f 552/3/48 540/3/48 539/3/48
f 553/3/48 541/3/48 540/3/48
f 554/3/48 542/3/48 541/3/48
f 590/2/38 632/2/38 345/2/38
f 589/2/38 631/2/38 632/2/38
f 588/2/38 630/2/38 631/2/38
f 587/2/38 629/2/38 630/2/38
f 586/2/38 628/2/38 629/2/38
f 585/2/38 627/2/38 628/2/38
f 602/1/1 548/1/1 202/1/1
f 601/1/1 547/1/1 548/1/1
f 600/1/1 546/1/1 547/1/1
f 599/1/1 545/1/1 546/1/1
f 598/1/1 544/1/1 545/1/1
f 597/1/1 543/1/1 544/1/1
f 578/1/1 1312/1/1 1301/1/1
f 577/1/1 1326/1/1 1312/1/1
f 576/1/1 1325/1/1 1326/1/1
f 575/1/1 1324/1/1 1325/1/1
f 574/1/1 1323/1/1 1324/1/1
f 573/1/1 1322/1/1 1323/1/1
f 744/3/36 494/3/36 116/3/36
f 494/9/42 744/9/42 762/9/42
f 746/3/36 492/3/36 493/3/36
f 491/9/27 758/9/27 765/9/27
f 748/3/36 490/3/36 491/3/36
f 747/9/469 765/9/469 764/9/469
f 202/1/1 548/1/1 488/1/1
f 548/1/1 547/1/1 487/1/1
f 547/1/1 546/1/1 486/1/1
f 546/1/1 545/1/1 485/1/1
f 545/1/1 544/1/1 484/1/1
f 544/1/1 543/1/1 483/1/1
f 524/1/23 500/1/23 119/1/23
f 498/5/1 1187/5/1 1186/5/1
f 519/5/26 1190/5/26 1191/5/26
f 497/5/1 1186/5/1 1185/5/1
f 126/5/26 1182/5/26 1190/5/26
f 496/5/1 1185/5/1 1184/5/1
f 323/1/1 596/1/1 495/1/1
f 596/1/1 595/1/1 496/1/1
f 595/1/1 594/1/1 497/1/1
f 594/1/1 593/1/1 498/1/1
f 593/1/1 592/1/1 499/1/1
f 592/1/1 591/1/1 500/1/1
f 750/1/23 512/1/23 123/1/23
f 751/1/23 511/1/23 512/1/23
f 752/1/23 510/1/23 511/1/23
f 753/1/23 509/1/23 510/1/23
f 754/1/23 508/1/23 509/1/23
f 755/1/23 507/1/23 508/1/23
f 512/1/23 518/1/23 125/1/23
f 511/1/23 517/1/23 518/1/23
f 510/1/23 516/1/23 517/1/23
f 509/1/23 515/1/23 516/1/23
f 508/1/23 514/1/23 515/1/23
f 507/1/23 513/1/23 514/1/23
f 518/1/23 524/1/23 127/1/23
f 517/1/23 523/1/23 524/1/23
f 516/1/23 522/1/23 523/1/23
f 515/1/23 521/1/23 522/1/23
f 514/1/23 520/1/23 521/1/23
f 513/1/23 519/1/23 520/1/23
f 488/1/34 530/1/34 129/1/34
f 487/1/34 529/1/34 530/1/34
f 486/1/34 528/1/34 529/1/34
f 485/1/34 527/1/34 528/1/34
f 484/1/34 526/1/34 527/1/34
f 483/1/34 525/1/34 526/1/34
f 530/1/34 536/1/34 455/1/34
f 529/1/34 535/1/34 536/1/34
f 528/1/34 534/1/34 535/1/34
f 527/1/34 533/1/34 534/1/34
f 526/1/34 532/1/34 533/1/34
f 525/1/34 531/1/34 532/1/34
f 656/1/470 662/1/470 189/1/470
f 655/1/467 661/1/467 662/1/467
f 654/1/471 660/1/471 661/1/471
f 653/1/472 659/1/472 660/1/472
f 652/1/473 658/1/473 659/1/473
f 651/1/474 657/1/474 658/1/474
f 501/1/23 755/1/23 754/1/23
f 502/1/23 754/1/23 753/1/23
f 503/1/23 753/1/23 752/1/23
f 504/1/23 752/1/23 751/1/23
f 505/1/23 751/1/23 750/1/23
f 506/1/23 750/1/23 1133/1/23
f 549/3/36 749/3/36 748/3/36
f 550/3/36 748/3/36 747/3/36
f 551/3/36 747/3/36 746/3/36
f 552/3/36 746/3/36 745/3/36
f 553/3/36 745/3/36 744/3/36
f 554/3/36 744/3/36 703/3/36
f 739/11/87 743/11/87 467/11/87
f 203/11/54 706/11/54 742/11/54
f 743/11/475 741/11/475 461/11/475
f 742/11/36 740/11/36 463/11/36
f 695/11/87 740/11/87 462/11/87
f 738/1/476 679/1/476 452/1/476
f 734/11/55 736/11/55 444/11/55
f 446/10/56 445/10/56 737/10/56
f 735/9/56 708/9/56 442/9/56
f 734/9/56 707/9/56 440/9/56
f 21/4/8 730/4/8 731/4/8
f 306/4/8 717/4/8 730/4/8
f 692/4/8 691/4/8 288/4/8
f 732/4/8 692/4/8 287/4/8
f 728/4/23 732/4/23 286/4/23
f 729/4/9 733/4/9 293/4/9
f 727/1/8 690/1/8 400/1/8
f 726/1/8 687/1/8 398/1/8
f 722/3/30 1291/3/30 387/3/30
f 723/3/31 1294/3/31 1298/3/31
f 724/7/75 725/7/75 1295/7/75
f 723/1/75 688/1/75 379/1/75
f 722/1/75 687/1/75 7/1/75
f 697/2/2 721/2/2 327/2/2
f 699/1/25 720/1/25 331/1/25
f 718/2/2 719/2/2 315/2/2
f 680/2/2 718/2/2 1239/2/2
f 726/4/23 728/4/23 407/4/23
f 715/2/2 716/2/2 1230/2/2
f 675/2/2 715/2/2 1236/2/2
f 727/4/9 729/4/9 409/4/9
f 691/4/8 717/4/8 306/4/8
f 235/7/9 843/7/9 831/7/9
f 688/1/63 778/1/63 776/1/63
f 4/2/2 675/2/2 712/2/2
f 252/2/2 712/2/2 713/2/2
f 819/7/23 836/7/23 841/7/23
f 812/7/9 831/7/9 833/7/9
f 709/2/2 710/2/2 219/2/2
f 677/2/2 709/2/2 218/2/2
f 735/11/58 737/11/58 445/11/58
f 191/11/54 696/11/54 741/11/54
f 705/1/52 689/1/52 196/1/52
f 704/3/50 696/3/50 191/3/50
f 133/3/49 703/3/49 695/3/49
f 702/1/44 679/1/44 451/1/44
f 701/1/43 676/1/43 181/1/43
f 720/1/25 700/1/25 146/1/25
f 946/1/25 699/1/25 145/1/25
f 721/2/2 698/2/2 137/2/2
f 947/2/2 697/2/2 138/2/2
f 132/3/36 704/3/36 749/3/36
f 195/9/2 705/9/2 707/9/2
f 706/9/8 708/9/8 449/9/8
f 120/1/23 694/1/23 755/1/23
f 95/6/35 1244/6/35 1241/6/35
f 710/2/2 686/2/2 6/2/2
f 698/2/2 689/2/2 18/2/2
f 713/2/2 677/2/2 10/2/2
f 430/4/8 731/4/8 733/4/8
f 400/1/23 690/1/23 694/1/23
f 683/1/11 678/1/11 16/1/11
f 682/3/14 684/3/14 32/3/14
f 98/1/11 682/1/11 676/1/11
f 719/2/2 1124/2/2 1129/2/2
f 700/1/7 702/1/7 83/1/7
f 182/1/477 738/1/477 739/1/477
f 683/3/5 685/3/5 107/3/5
f 813/7/9 842/7/9 829/7/9
f 774/1/4 678/1/4 76/1/4
f 716/2/2 680/2/2 89/2/2
f 763/9/36 760/9/36 761/9/36
f 765/9/36 758/9/36 759/9/36
f 767/9/36 756/9/36 757/9/36
f 749/9/478 767/9/478 766/9/478
f 490/9/42 748/9/42 766/9/42
f 745/9/479 763/9/479 762/9/479
f 493/9/27 760/9/27 763/9/27
f 489/9/27 756/9/27 767/9/27
f 492/9/42 746/9/42 764/9/42
f 769/3/1 782/3/1 783/3/1
f 778/3/23 791/3/23 789/3/23
f 810/3/26 797/3/26 796/3/26
f 771/3/9 784/3/9 786/3/9
f 269/3/9 802/3/9 804/3/9
f 780/3/23 793/3/23 791/3/23
f 234/3/26 796/3/26 795/3/26
f 777/3/23 790/3/23 788/3/23
f 814/3/9 801/3/9 803/3/9
f 77/3/26 795/3/26 794/3/26
f 768/3/1 781/3/1 782/3/1
f 773/3/9 786/3/9 785/3/9
f 795/3/8 782/3/8 781/3/8
f 796/3/8 783/3/8 782/3/8
f 797/3/8 784/3/8 783/3/8
f 798/3/8 785/3/8 786/3/8
f 797/3/8 799/3/8 786/3/8
f 800/3/8 787/3/8 785/3/8
f 801/3/8 794/3/8 781/3/8
f 803/3/8 790/3/8 789/3/8
f 801/3/8 788/3/8 790/3/8
f 802/3/8 789/3/8 791/3/8
f 805/3/8 792/3/8 787/3/8
f 804/3/8 791/3/8 793/3/8
f 224/3/23 805/3/23 800/3/23
f 237/3/23 798/3/23 799/3/23
f 770/3/1 783/3/1 784/3/1
f 775/3/1 788/3/1 781/3/1
f 714/3/9 804/3/9 806/3/9
f 236/3/23 799/3/23 797/3/23
f 711/3/23 800/3/23 798/3/23
f 772/3/9 785/3/9 787/3/9
f 774/3/9 787/3/9 792/3/9
f 267/3/26 794/3/26 801/3/26
f 776/3/23 789/3/23 790/3/23
f 268/3/9 803/3/9 802/3/9
f 808/3/8 77/3/8 267/3/8
f 809/3/8 234/3/8 77/3/8
f 235/3/8 810/3/8 234/3/8
f 811/3/8 237/3/8 236/3/8
f 235/3/8 812/3/8 236/3/8
f 813/3/8 711/3/8 237/3/8
f 266/3/8 807/3/8 267/3/8
f 816/3/8 268/3/8 269/3/8
f 266/3/8 814/3/8 268/3/8
f 815/3/8 269/3/8 714/3/8
f 818/3/8 224/3/8 711/3/8
f 817/3/8 714/3/8 256/3/8
f 820/7/8 821/7/8 822/7/8
f 826/7/120 824/7/120 825/7/120
f 827/7/8 823/7/8 824/7/8
f 823/7/8 832/7/8 830/7/8
f 832/7/121 833/7/121 831/7/121
f 824/7/120 830/7/120 834/7/120
f 834/7/480 830/7/480 831/7/480
f 821/7/8 828/7/8 835/7/8
f 828/7/121 829/7/121 842/7/121
f 838/7/122 827/7/122 826/7/122
f 837/7/481 826/7/481 839/7/481
f 836/7/122 820/7/122 840/7/122
f 841/7/122 840/7/122 827/7/122
f 835/7/121 842/7/121 833/7/121
f 822/7/8 835/7/8 832/7/8
f 840/7/8 822/7/8 823/7/8
f 111/1/1 896/1/1 50/1/1
f 8/1/1 50/1/1 225/1/1
f 111/1/1 246/1/1 847/1/1
f 246/1/1 216/1/1 225/1/1
f 902/4/123 856/4/123 857/4/123
f 900/4/124 848/4/124 849/4/124
f 899/4/125 851/4/125 850/4/125
f 900/4/8 901/4/8 850/4/8
f 852/4/126 854/4/126 855/4/126
f 851/4/127 855/4/127 854/4/127
f 848/4/8 850/4/8 854/4/8
f 849/4/2 853/4/2 855/4/2
f 856/4/23 858/4/23 859/4/23
f 904/4/482 858/4/482 856/4/482
f 904/4/129 905/4/129 859/4/129
f 905/4/483 903/4/483 857/4/483
f 44/1/484 29/1/484 1304/1/484
f 40/1/485 36/1/485 861/1/485
f 36/1/486 42/1/486 1304/1/486
f 44/1/487 40/1/487 860/1/487
f 864/4/135 862/4/135 866/4/135
f 1336/6/8 862/6/8 864/6/8
f 1339/6/136 1338/6/136 864/6/136
f 1337/6/2 1339/6/2 865/6/2
f 885/4/137 873/4/137 871/4/137
f 864/1/138 884/1/138 885/1/138
f 863/4/139 865/4/139 885/4/139
f 862/4/488 863/4/488 867/4/488
f 870/4/141 874/4/141 888/4/141
f 870/4/142 866/4/142 878/4/142
f 866/4/143 870/4/143 872/4/143
f 877/1/144 895/1/144 894/1/144
f 889/4/1 888/4/1 874/4/1
f 877/1/145 886/1/145 891/1/145
f 873/4/146 889/4/146 875/4/146
f 875/4/147 874/4/147 882/4/147
f 879/4/489 881/4/489 880/4/489
f 881/4/490 883/4/490 882/4/490
f 875/4/150 883/4/150 881/4/150
f 871/4/151 881/4/151 879/4/151
f 867/4/152 879/4/152 878/4/152
f 874/4/153 870/4/153 880/4/153
f 868/1/491 869/1/491 885/1/491
f 869/1/492 886/1/492 873/1/492
f 868/1/493 884/1/493 872/1/493
f 876/1/494 888/1/494 889/1/494
f 876/1/495 887/1/495 872/1/495
f 877/1/496 889/1/496 873/1/496
f 893/3/497 892/3/497 890/3/497
f 891/3/498 890/3/498 894/3/498
f 886/1/162 869/1/162 893/1/162
f 887/1/163 876/1/163 894/1/163
f 887/1/164 890/1/164 892/1/164
f 868/1/165 892/1/165 893/1/165
f 251/1/1 257/1/1 1340/1/1
f 846/1/1 845/1/1 1340/1/1
f 279/1/1 846/1/1 1321/1/1
f 279/1/1 897/1/1 257/1/1
f 1334/4/8 901/4/8 900/4/8
f 1335/4/166 899/4/166 901/4/166
f 1332/4/167 900/4/167 898/4/167
f 1335/4/2 1333/4/2 898/4/2
f 853/4/499 849/4/499 903/4/499
f 852/4/169 853/4/169 905/4/169
f 852/4/500 904/4/500 902/4/500
f 848/4/171 902/4/171 903/4/171
f 909/4/2 913/4/2 912/4/2
f 925/4/8 924/4/8 907/4/8
f 925/4/172 906/4/172 909/4/172
f 923/4/173 908/4/173 907/4/173
f 910/4/174 911/4/174 912/4/174
f 906/4/8 907/4/8 911/4/8
f 910/4/175 916/4/175 914/4/175
f 908/4/176 912/4/176 911/4/176
f 917/4/1 921/4/1 920/4/1
f 910/4/1 913/4/1 917/4/1
f 906/4/26 914/4/26 915/4/26
f 909/4/177 915/4/177 917/4/177
f 918/4/178 920/4/178 921/4/178
f 915/4/179 919/4/179 921/4/179
f 915/4/26 914/4/26 918/4/26
f 916/4/180 920/4/180 918/4/180
f 846/4/181 923/4/181 924/4/181
f 251/4/182 925/4/182 922/4/182
f 845/4/8 924/4/8 925/4/8
f 846/4/2 279/4/2 922/4/2
f 686/2/2 947/2/2 926/2/2
f 701/1/25 946/1/25 931/1/25
f 604/2/1 603/2/1 945/2/1
f 605/2/1 604/2/1 944/2/1
f 606/2/1 605/2/1 943/2/1
f 607/2/1 606/2/1 942/2/1
f 608/2/1 607/2/1 941/2/1
f 338/2/1 608/2/1 940/2/1
f 934/2/2 937/2/2 349/2/2
f 339/2/1 338/2/1 938/2/1
f 603/2/1 343/2/1 939/2/1
f 935/2/67 939/2/67 343/2/67
f 66/1/46 936/1/46 930/1/46
f 1311/1/1 27/1/1 928/1/1
f 28/1/25 927/1/25 946/1/25
f 65/1/25 929/1/25 928/1/25
f 184/1/25 930/1/25 929/1/25
f 67/1/25 931/1/25 936/1/25
f 56/2/2 932/2/2 947/2/2
f 57/2/2 933/2/2 932/2/2
f 58/2/2 934/2/2 933/2/2
f 997/3/183 996/3/183 950/3/183
f 996/3/184 998/3/184 952/3/184
f 998/3/185 999/3/185 954/3/185
f 999/3/186 1000/3/186 956/3/186
f 1000/3/187 1001/3/187 958/3/187
f 1001/3/188 1002/3/188 960/3/188
f 961/6/189 1018/6/189 1019/6/189
f 1002/3/189 1003/3/189 962/3/189
f 1003/3/190 997/3/190 948/3/190
f 962/3/26 948/3/26 950/3/26
f 950/3/26 952/3/26 954/3/26
f 954/3/26 956/3/26 958/3/26
f 958/3/26 960/3/26 962/3/26
f 962/3/26 950/3/26 954/3/26
f 972/10/1 964/10/1 965/10/1
f 974/10/1 966/10/1 964/10/1
f 975/10/1 967/10/1 966/10/1
f 976/10/1 968/10/1 967/10/1
f 977/10/1 969/10/1 968/10/1
f 978/10/1 970/10/1 969/10/1
f 979/10/1 971/10/1 970/10/1
f 979/10/1 973/10/1 965/10/1
f 981/6/191 980/6/191 1004/6/191
f 980/6/192 982/6/192 1006/6/192
f 983/6/193 1007/6/193 1006/6/193
f 984/6/194 1008/6/194 1007/6/194
f 985/6/195 1009/6/195 1008/6/195
f 986/6/196 1010/6/196 1009/6/196
f 986/6/197 987/6/197 1011/6/197
f 981/6/198 1005/6/198 1011/6/198
f 951/6/1 980/6/1 981/6/1
f 951/6/199 1029/6/199 1021/6/199
f 955/6/1 983/6/1 982/6/1
f 953/6/188 1028/6/188 1029/6/188
f 959/6/1 985/6/1 984/6/1
f 981/6/501 1026/6/501 1034/6/501
f 963/6/1 987/6/1 986/6/1
f 963/6/201 1035/6/201 1027/6/201
f 990/6/1 988/6/1 989/6/1
f 989/6/1 995/6/1 994/6/1
f 994/6/1 993/6/1 992/6/1
f 992/6/1 991/6/1 990/6/1
f 990/6/1 989/6/1 994/6/1
f 957/6/187 1016/6/187 1017/6/187
f 953/6/185 1014/6/185 1015/6/185
f 949/6/183 1013/6/183 1012/6/183
f 963/6/190 1019/6/190 1013/6/190
f 959/6/188 1017/6/188 1018/6/188
f 955/6/186 1015/6/186 1016/6/186
f 951/6/184 1012/6/184 1014/6/184
f 965/3/202 964/3/202 996/3/202
f 966/3/203 998/3/203 996/3/203
f 966/3/204 967/3/204 999/3/204
f 967/3/205 968/3/205 1000/3/205
f 968/3/206 969/3/206 1001/3/206
f 969/3/207 970/3/207 1002/3/207
f 970/3/208 971/3/208 1003/3/208
f 971/3/209 965/3/209 997/3/209
f 972/3/206 973/3/206 1005/3/206
f 972/3/207 1004/3/207 1006/3/207
f 975/3/208 974/3/208 1006/3/208
f 976/3/209 975/3/209 1007/3/209
f 977/3/202 976/3/202 1008/3/202
f 977/3/203 1009/3/203 1010/3/203
f 978/3/204 1010/3/204 1011/3/204
f 979/3/205 1011/3/205 1005/3/205
f 989/6/210 988/6/210 1012/6/210
f 990/6/211 1014/6/211 1012/6/211
f 991/6/502 1015/6/502 1014/6/502
f 991/6/213 992/6/213 1016/6/213
f 992/6/214 993/6/214 1017/6/214
f 994/6/215 1018/6/215 1017/6/215
f 994/6/503 995/6/503 1019/6/503
f 989/6/217 1013/6/217 1019/6/217
f 1028/9/1 1020/9/1 1021/9/1
f 1031/9/1 1030/9/1 1022/9/1
f 1033/9/1 1032/9/1 1024/9/1
f 1034/9/1 1026/9/1 1027/9/1
f 983/6/186 1023/6/186 1022/6/186
f 982/6/218 1020/6/218 1028/6/218
f 957/6/190 1030/6/190 1031/6/190
f 955/6/219 1031/6/219 1023/6/219
f 985/6/188 1025/6/188 1024/6/188
f 984/6/504 1022/6/504 1030/6/504
f 961/6/184 1032/6/184 1033/6/184
f 959/6/221 1033/6/221 1025/6/221
f 987/6/190 1027/6/190 1026/6/190
f 986/6/505 1024/6/505 1032/6/505
f 949/6/186 1034/6/186 1035/6/186
f 980/6/184 1021/6/184 1020/6/184
f 1085/3/183 1084/3/183 1038/3/183
f 1084/3/184 1086/3/184 1040/3/184
f 1086/3/185 1087/3/185 1042/3/185
f 1087/3/186 1088/3/186 1044/3/186
f 1088/3/187 1089/3/187 1046/3/187
f 1089/3/188 1090/3/188 1048/3/188
f 1049/6/189 1106/6/189 1107/6/189
f 1090/3/189 1091/3/189 1050/3/189
f 1091/3/190 1085/3/190 1036/3/190
f 1050/3/26 1036/3/26 1038/3/26
f 1038/3/26 1040/3/26 1042/3/26
f 1042/3/26 1044/3/26 1046/3/26
f 1046/3/26 1048/3/26 1050/3/26
f 1050/3/26 1038/3/26 1042/3/26
f 1060/10/1 1052/10/1 1053/10/1
f 1062/10/1 1054/10/1 1052/10/1
f 1063/10/1 1055/10/1 1054/10/1
f 1064/10/1 1056/10/1 1055/10/1
f 1064/10/1 1065/10/1 1057/10/1
f 1065/10/1 1066/10/1 1058/10/1
f 1066/10/1 1067/10/1 1059/10/1
f 1067/10/1 1061/10/1 1053/10/1
f 1068/6/191 1092/6/191 1093/6/191
f 1070/6/192 1094/6/192 1092/6/192
f 1071/6/193 1095/6/193 1094/6/193
f 1072/6/194 1096/6/194 1095/6/194
f 1072/6/195 1073/6/195 1097/6/195
f 1074/6/196 1098/6/196 1097/6/196
f 1074/6/197 1075/6/197 1099/6/197
f 1069/6/198 1093/6/198 1099/6/198
f 1039/6/1 1068/6/1 1069/6/1
f 1039/6/199 1117/6/199 1109/6/199
f 1043/6/1 1071/6/1 1070/6/1
f 1041/6/188 1116/6/188 1117/6/188
f 1047/6/1 1073/6/1 1072/6/1
f 1069/6/501 1114/6/501 1122/6/501
f 1051/6/1 1075/6/1 1074/6/1
f 1051/6/201 1123/6/201 1115/6/201
f 1078/6/1 1076/6/1 1077/6/1
f 1077/6/1 1083/6/1 1082/6/1
f 1082/6/1 1081/6/1 1080/6/1
f 1080/6/1 1079/6/1 1078/6/1
f 1078/6/1 1077/6/1 1082/6/1
f 1045/6/187 1104/6/187 1105/6/187
f 1041/6/185 1102/6/185 1103/6/185
f 1037/6/183 1101/6/183 1100/6/183
f 1051/6/190 1107/6/190 1101/6/190
f 1047/6/188 1105/6/188 1106/6/188
f 1043/6/186 1103/6/186 1104/6/186
f 1039/6/184 1100/6/184 1102/6/184
f 1053/3/202 1052/3/202 1084/3/202
f 1054/3/203 1086/3/203 1084/3/203
f 1055/3/204 1087/3/204 1086/3/204
f 1055/3/205 1056/3/205 1088/3/205
f 1056/3/206 1057/3/206 1089/3/206
f 1057/3/207 1058/3/207 1090/3/207
f 1058/3/208 1059/3/208 1091/3/208
f 1059/3/209 1053/3/209 1085/3/209
f 1061/3/206 1093/3/206 1092/3/206
f 1062/3/207 1060/3/207 1092/3/207
f 1063/3/208 1062/3/208 1094/3/208
f 1063/3/209 1095/3/209 1096/3/209
f 1065/3/202 1064/3/202 1096/3/202
f 1065/3/203 1097/3/203 1098/3/203
f 1066/3/204 1098/3/204 1099/3/204
f 1061/3/205 1067/3/205 1099/3/205
f 1076/6/210 1100/6/210 1101/6/210
f 1078/6/211 1102/6/211 1100/6/211
f 1079/6/502 1103/6/502 1102/6/502
f 1080/6/213 1104/6/213 1103/6/213
f 1081/6/214 1105/6/214 1104/6/214
f 1082/6/215 1106/6/215 1105/6/215
f 1082/6/503 1083/6/503 1107/6/503
f 1083/6/217 1077/6/217 1101/6/217
f 1117/9/1 1116/9/1 1108/9/1
f 1119/9/1 1118/9/1 1110/9/1
f 1120/9/1 1112/9/1 1113/9/1
f 1123/9/1 1122/9/1 1114/9/1
f 1071/6/186 1111/6/186 1110/6/186
f 1070/6/218 1108/6/218 1116/6/218
f 1045/6/190 1118/6/190 1119/6/190
f 1043/6/219 1119/6/219 1111/6/219
f 1073/6/188 1113/6/188 1112/6/188
f 1072/6/504 1110/6/504 1118/6/504
f 1049/6/184 1120/6/184 1121/6/184
f 1047/6/221 1121/6/221 1113/6/221
f 1075/6/190 1115/6/190 1114/6/190
f 1074/6/222 1112/6/222 1120/6/222
f 1037/6/186 1122/6/186 1123/6/186
f 1068/6/184 1109/6/184 1108/6/184
f 681/1/23 1124/1/23 1125/1/23
f 1126/1/23 24/1/23 1127/1/23
f 93/1/23 1127/1/23 1128/1/23
f 94/1/23 1128/1/23 1129/1/23
f 1130/1/23 125/1/23 127/1/23
f 1132/1/23 123/1/23 125/1/23
f 693/1/23 1133/1/23 123/1/23
f 324/1/1 1135/1/1 119/1/1
f 1131/1/23 127/1/23 119/1/23
f 309/1/1 1137/1/1 24/1/1
f 309/1/1 324/1/1 1134/1/1
f 95/1/23 1129/1/23 1124/1/23
f 1136/1/23 121/1/23 1133/1/23
f 1150/6/1 1151/6/1 1139/6/1
f 1240/6/23 1146/6/23 1147/6/23
f 64/2/2 1263/2/2 1249/2/2
f 295/1/506 294/1/506 1256/1/506
f 1146/6/507 1138/6/507 1139/6/507
f 1145/8/1 1270/8/1 1269/8/1
f 1135/6/508 324/6/508 1150/6/508
f 26/6/35 1141/6/35 1242/6/35
f 1135/6/225 1138/6/225 1146/6/225
f 1126/6/35 93/6/35 1147/6/35
f 1126/6/226 1139/6/226 1151/6/226
f 93/6/35 94/6/35 1241/6/35
f 309/6/227 1151/6/227 1150/6/227
f 1154/5/26 1166/5/26 1165/5/26
f 126/5/2 1159/5/2 1158/5/2
f 393/5/8 1157/5/8 1156/5/8
f 396/5/26 1156/5/26 1159/5/26
f 1152/5/23 1156/5/23 1157/5/23
f 1154/5/23 1153/5/23 1157/5/23
f 1152/5/23 1155/5/23 1159/5/23
f 1154/5/23 1158/5/23 1159/5/23
f 1152/5/1 1164/5/1 1167/5/1
f 1153/5/2 1165/5/2 1164/5/2
f 1155/5/8 1167/5/8 1166/5/8
f 1175/5/26 1222/5/26 1197/5/26
f 1181/5/8 1225/5/8 1222/5/8
f 1174/5/26 1197/5/26 1220/5/26
f 1180/5/1 1224/5/1 1225/5/1
f 1173/5/26 1220/5/26 1219/5/26
f 1179/5/1 1223/5/1 1224/5/1
f 520/5/26 1191/5/26 1192/5/26
f 499/5/1 1188/5/1 1187/5/1
f 524/5/2 1195/5/2 1189/5/2
f 521/5/26 1192/5/26 1193/5/26
f 500/5/1 1189/5/1 1188/5/1
f 522/5/26 1193/5/26 1194/5/26
f 523/5/26 1194/5/26 1195/5/26
f 495/5/1 1184/5/1 1183/5/1
f 1168/5/23 1182/5/23 1183/5/23
f 1169/5/23 1183/5/23 1184/5/23
f 1170/5/23 1184/5/23 1185/5/23
f 1171/5/23 1185/5/23 1186/5/23
f 1172/5/23 1186/5/23 1187/5/23
f 1173/5/23 1187/5/23 1188/5/23
f 1175/5/23 1174/5/23 1188/5/23
f 1168/5/23 1176/5/23 1190/5/23
f 1177/5/23 1191/5/23 1190/5/23
f 1178/5/23 1192/5/23 1191/5/23
f 1179/5/23 1193/5/23 1192/5/23
f 1180/5/23 1194/5/23 1193/5/23
f 1181/5/23 1195/5/23 1194/5/23
f 1175/5/23 1189/5/23 1195/5/23
f 1206/10/23 1207/10/23 1214/10/23
f 1217/10/23 1215/10/23 1201/10/23
f 1216/10/23 1214/10/23 1215/10/23
f 1168/5/1 1212/5/1 1204/5/1
f 1169/5/2 1213/5/2 1212/5/2
f 1176/5/1 1204/5/1 1202/5/1
f 1170/5/26 1205/5/26 1213/5/26
f 1177/5/1 1202/5/1 1218/5/1
f 1171/5/26 1203/5/26 1205/5/26
f 1178/5/1 1218/5/1 1223/5/1
f 1172/5/26 1219/5/26 1203/5/26
f 1201/10/232 1219/10/232 1218/10/232
f 1206/10/233 1212/10/233 1213/10/233
f 1207/10/234 1213/10/234 1205/10/234
f 1214/10/234 1205/10/234 1203/10/234
f 1201/10/234 1215/10/234 1203/10/234
f 1206/10/235 1216/10/235 1204/10/235
f 1217/10/235 1202/10/235 1204/10/235
f 1200/10/235 1218/10/235 1202/10/235
f 64/2/2 1226/2/2 63/2/2
f 88/2/2 1229/2/2 1228/2/2
f 1231/2/2 298/2/2 1230/2/2
f 272/2/2 1232/2/2 63/2/2
f 274/2/2 62/2/2 1233/2/2
f 274/2/2 1234/2/2 1232/2/2
f 294/2/2 1235/2/2 1233/2/2
f 295/2/2 1237/2/2 1235/2/2
f 64/2/2 1227/2/2 1236/2/2
f 297/2/2 1236/2/2 1230/2/2
f 295/2/2 296/2/2 1228/2/2
f 312/2/2 1238/2/2 1229/2/2
f 314/2/2 1231/2/2 89/2/2
f 312/2/2 314/2/2 1239/2/2
f 1145/6/23 1144/6/23 1240/6/23
f 1149/6/23 1242/6/23 1141/6/23
f 1145/6/23 1241/6/23 1244/6/23
f 1144/6/23 1245/6/23 1142/6/23
f 1246/6/23 1148/6/23 1142/6/23
f 1143/6/23 1244/6/23 1242/6/23
f 1247/6/23 1140/6/23 1148/6/23
f 1255/2/2 1251/2/2 1250/2/2
f 1248/2/2 1265/2/2 1264/2/2
f 1263/2/2 1254/2/2 1252/2/2
f 1254/2/2 1255/2/2 1253/2/2
f 1249/2/2 1252/2/2 1256/2/2
f 1252/2/2 1253/2/2 1266/2/2
f 1251/2/2 1268/2/2 1267/2/2
f 1259/13/23 1269/13/23 1270/13/23
f 1261/13/23 1259/13/23 1260/13/23
f 1257/13/23 1261/13/23 1262/13/23
f 295/2/8 1266/2/8 1253/2/8
f 272/1/1 1226/1/1 1249/1/1
f 1245/8/8 1259/8/8 1261/8/8
f 312/1/1 88/1/1 1250/1/1
f 62/1/509 274/1/509 1265/1/509
f 1149/8/2 1262/8/2 1260/8/2
f 1231/1/1 314/1/1 1268/1/1
f 272/2/2 1264/2/2 1265/2/2
f 1246/8/8 1261/8/8 1257/8/8
f 312/2/8 1267/2/8 1268/2/8
f 294/1/1 62/1/1 1248/1/1
f 310/2/2 311/2/2 354/2/2
f 310/2/2 342/2/2 341/2/2
f 87/2/2 341/2/2 353/2/2
f 46/7/240 1272/7/240 1271/7/240
f 48/7/241 233/7/241 1273/7/241
f 47/7/242 45/7/242 1276/7/242
f 46/7/243 48/7/243 1274/7/243
f 45/7/240 230/7/240 1277/7/240
f 231/7/240 1271/7/240 1277/7/240
f 47/7/241 1275/7/241 1278/7/241
f 232/7/241 1278/7/241 1273/7/241
f 53/7/244 1280/7/244 1279/7/244
f 52/7/245 1281/7/245 1282/7/245
f 55/7/248 265/7/248 1283/7/248
f 55/7/247 1284/7/247 1280/7/247
f 52/7/244 262/7/244 1285/7/244
f 263/7/244 1279/7/244 1285/7/244
f 54/7/248 1282/7/248 1286/7/248
f 264/7/248 1286/7/248 1283/7/248
f 389/7/249 1288/7/249 1287/7/249
f 389/7/250 390/7/250 1289/7/250
f 390/7/251 1290/7/251 384/7/251
f 1292/7/249 387/7/249 1291/7/249
f 1293/7/249 385/7/249 387/7/249
f 383/7/249 1287/7/249 385/7/249
f 725/7/510 1294/7/510 388/7/510
f 1295/7/251 388/7/251 1296/7/251
f 386/7/510 1296/7/510 384/7/510
f 724/7/249 1291/7/249 381/7/249
f 382/7/251 1298/7/251 1294/7/251
f 362/7/252 371/7/252 685/7/252
f 371/7/252 370/7/252 106/7/252
f 684/7/253 368/7/253 363/7/253
f 103/7/253 367/7/253 368/7/253
f 103/7/253 102/7/253 366/7/253
f 102/7/253 33/7/253 364/7/253
f 34/7/511 365/7/511 364/7/511
f 106/7/252 370/7/252 369/7/252
f 105/7/252 369/7/252 365/7/252
f 9/1/1 221/1/1 1299/1/1
f 9/1/1 1300/1/1 1301/1/1
f 29/1/512 223/1/512 1302/1/512
f 29/1/513 1303/1/513 27/1/513
f 227/1/17 1305/1/17 1306/1/17
f 229/1/514 860/1/514 1308/1/514
f 35/1/17 39/1/17 1309/1/17
f 860/1/515 861/1/515 1306/1/515
f 110/1/516 1304/1/516 27/1/516
f 112/1/1 1301/1/1 1312/1/1
f 110/1/1 1311/1/1 1313/1/1
f 220/1/1 1314/1/1 1299/1/1
f 12/1/17 1315/1/17 1316/1/17
f 222/1/17 1316/1/17 1302/1/17
f 226/1/17 35/1/17 1310/1/17
f 226/1/17 1317/1/17 1305/1/17
f 228/1/17 1318/1/17 1309/1/17
f 229/1/17 1307/1/17 1318/1/17
f 566/1/1 1319/1/1 1320/1/1
f 220/1/1 245/1/1 1320/1/1
f 477/1/1 1322/1/1 1321/1/1
f 478/1/1 1323/1/1 1322/1/1
f 479/1/1 1324/1/1 1323/1/1
f 480/1/1 1325/1/1 1324/1/1
f 481/1/1 1326/1/1 1325/1/1
f 482/1/1 1312/1/1 1326/1/1
f 561/1/1 247/1/1 1313/1/1
f 562/1/1 561/1/1 1327/1/1
f 563/1/1 562/1/1 1328/1/1
f 564/1/1 563/1/1 1329/1/1
f 565/1/1 564/1/1 1330/1/1
f 566/1/1 565/1/1 1331/1/1
f 8/1/1 1332/1/1 1333/1/1
f 216/1/1 1334/1/1 1332/1/1
f 111/1/1 1333/1/1 1335/1/1
f 246/1/1 1335/1/1 1334/1/1
f 44/1/517 42/1/517 1337/1/517
f 36/1/518 40/1/518 1338/1/518
f 36/1/519 1339/1/519 1337/1/519
f 44/1/520 1336/1/520 1338/1/520
f 12/1/17 50/1/17 1340/1/17
f 896/1/1 1321/1/1 1340/1/1
f 1433/1/521 2530/1/521 1524/1/521
f 1937/2/2 22/2/2 281/2/2
f 1503/2/2 1350/2/2 1505/2/2
f 2517/3/263 2516/3/263 1341/3/263
f 2146/4/2 2147/4/2 2160/4/2
f 1391/2/2 2526/2/2 1552/2/2
f 1935/1/4 16/1/4 779/1/4
f 1942/3/5 31/3/5 30/3/5
f 458/1/328 19/1/328 1995/1/328
f 1470/1/26 1474/1/26 1471/1/26
f 1959/1/7 183/1/7 135/1/7
f 1408/4/8 1705/4/8 1407/4/8
f 1611/4/8 1610/4/8 1707/4/8
f 1643/2/9 1638/2/9 2546/2/9
f 2389/5/26 2390/5/26 1439/5/26
f 2360/2/2 1125/2/2 308/2/2
f 1950/6/10 2380/6/10 2374/6/10
f 1939/1/11 1933/1/11 181/1/11
f 1397/1/11 2529/1/11 1348/1/11
f 2529/1/522 1354/1/522 1343/1/522
f 1343/3/523 1356/3/523 1357/3/523
f 1425/3/14 1356/3/14 1343/3/14
f 2511/3/267 2512/3/267 1366/3/267
f 2536/3/9 2504/3/9 2503/3/9
f 1524/1/524 2530/1/524 2099/1/524
f 1527/1/269 1347/1/269 1362/1/269
f 1347/1/269 1373/1/269 1358/1/269
f 2100/6/18 2101/6/18 2563/6/18
f 1536/7/269 1370/7/269 1368/7/269
f 2505/3/270 2504/3/270 2536/3/270
f 2502/3/271 2500/3/271 2532/3/271
f 2501/3/272 2502/3/272 2534/3/272
f 1558/1/269 2566/1/269 1364/1/269
f 1374/1/269 1372/1/269 1360/1/269
f 1556/1/269 1374/1/269 1361/1/269
f 2566/1/269 2541/1/269 1366/1/269
f 1563/7/269 1565/7/269 1377/7/269
f 2513/3/525 2509/3/525 1360/3/525
f 2512/3/23 2508/3/23 1364/3/23
f 1360/3/274 2509/3/274 2510/3/274
f 1941/3/14 1427/3/14 1421/3/14
f 1427/3/14 1426/3/14 1420/3/14
f 1426/3/14 1425/3/14 1419/3/14
f 1935/1/11 1399/1/11 1424/1/11
f 1399/1/11 1398/1/11 1423/1/11
f 1398/1/11 1397/1/11 1422/1/11
f 1343/1/11 1354/1/11 1388/1/11
f 1419/1/11 1388/1/11 1497/1/11
f 1420/1/11 1497/1/11 1495/1/11
f 1353/2/2 2362/2/2 1604/2/2
f 1604/2/2 2362/2/2 2363/2/2
f 2363/2/2 2364/2/2 1608/2/2
f 1441/1/23 1684/1/23 1947/1/23
f 1443/1/23 1685/1/23 1684/1/23
f 1445/1/23 1681/1/23 1685/1/23
f 1705/4/8 1707/4/8 1706/4/8
f 1587/4/8 1585/4/8 1586/4/8
f 1589/4/8 1587/4/8 1588/4/8
f 1990/4/8 1589/4/8 1609/4/8
f 1614/4/8 1613/4/8 1610/4/8
f 1601/4/8 1614/4/8 1611/4/8
f 1471/1/25 1472/1/25 1457/1/25
f 1472/1/25 1727/1/25 1499/1/25
f 1473/1/7 1406/1/7 1461/1/7
f 1481/5/1 1479/5/1 1346/5/1
f 1482/5/27 1478/5/27 1476/5/27
f 1730/1/441 1496/1/441 1498/1/441
f 1357/3/5 1428/3/5 1422/3/5
f 1428/3/5 1429/3/5 1423/3/5
f 1429/3/5 1430/3/5 1424/3/5
f 2541/1/276 2020/1/276 2019/1/276
f 2528/1/8 2529/1/8 1397/1/8
f 1397/1/4 1398/1/4 2024/1/4
f 1398/1/4 1399/1/4 2023/1/4
f 1934/2/2 1393/2/2 1572/2/2
f 1393/2/2 1392/2/2 1574/2/2
f 1392/2/2 1391/2/2 1576/2/2
f 1670/3/30 1672/3/30 1382/3/30
f 1673/3/31 2524/3/31 1395/3/31
f 2516/3/30 2515/3/30 1384/3/30
f 1946/2/2 1506/2/2 1463/2/2
f 1506/2/2 1507/2/2 1465/2/2
f 1507/2/2 1503/2/2 1467/2/2
f 1410/2/2 2461/2/2 2460/2/2
f 2487/8/8 2497/8/8 2376/8/8
f 1943/2/2 1379/2/2 1543/2/2
f 1379/2/2 1380/2/2 1545/2/2
f 1545/2/2 1380/2/2 1381/2/2
f 1521/9/526 1522/9/526 1468/9/526
f 1914/1/527 1730/1/527 1475/1/527
f 1401/9/2 1718/9/2 1717/9/2
f 1788/1/34 1728/1/34 1447/1/34
f 1510/9/8 1515/9/8 1733/9/8
f 1782/1/34 1447/1/34 1474/1/34
f 2367/6/10 2374/6/10 2472/6/10
f 1776/1/23 1445/1/23 1443/1/23
f 1136/6/10 1140/6/10 2380/6/10
f 1770/1/23 1443/1/23 1441/1/23
f 2472/6/10 2378/6/10 2366/6/10
f 1764/1/23 1441/1/23 1951/1/23
f 1677/1/26 1678/1/26 1439/1/26
f 1848/1/26 1763/1/26 1440/1/26
f 2475/6/35 2474/6/35 1938/6/35
f 2414/5/8 2415/5/8 1439/5/8
f 1679/1/26 1351/1/26 1438/1/26
f 1965/9/8 442/9/8 203/9/8
f 1800/1/26 1752/1/26 1474/1/26
f 1962/9/2 1964/9/2 1718/9/2
f 489/3/36 115/3/36 1961/3/36
f 2526/1/26 2527/1/26 1578/1/26
f 2548/1/26 2547/1/26 2135/1/26
f 1637/2/23 1644/2/23 1581/2/23
f 1651/2/37 1650/2/37 1618/2/37
f 1800/1/26 1470/1/26 1627/1/26
f 1884/2/38 1637/2/38 1598/2/38
f 1505/1/26 1512/1/26 1626/1/26
f 1464/2/2 1466/2/2 2170/2/2
f 1465/2/2 1467/2/2 1625/2/2
f 1462/2/2 1464/2/2 2169/2/2
f 1463/2/2 1465/2/2 1624/2/2
f 1954/2/2 1462/2/2 2168/2/2
f 1955/2/2 1463/2/2 1623/2/2
f 1458/1/25 1460/1/25 2167/1/25
f 1459/1/25 1461/1/25 1622/1/25
f 1456/1/25 1500/1/25 2166/1/25
f 1457/1/25 1499/1/25 1621/1/25
f 1454/1/25 1456/1/25 2165/1/25
f 1455/1/25 1457/1/25 1620/1/25
f 1956/1/25 134/1/25 927/1/25
f 1957/1/25 135/1/25 325/1/25
f 2171/1/26 1469/1/26 1454/1/26
f 1470/1/26 1455/1/26 1619/1/26
f 1625/2/2 1467/2/2 1505/2/2
f 1488/5/2 1486/5/2 1474/5/2
f 1491/5/39 1490/5/39 1404/5/39
f 1494/5/40 1493/5/40 1449/5/40
f 1484/5/41 1485/5/41 1727/5/41
f 1490/5/39 1489/5/39 1346/5/39
f 1493/5/26 1491/5/26 1405/5/26
f 1479/5/42 1477/5/42 1404/5/42
f 1478/5/27 1481/5/27 1436/5/27
f 1405/5/26 1480/5/26 1482/5/26
f 1477/5/42 1480/5/42 1405/5/42
f 1484/5/9 1483/5/9 1489/5/9
f 1491/5/9 1485/5/9 1484/5/9
f 1483/5/9 1486/5/9 1492/5/9
f 1493/5/9 1487/5/9 1485/5/9
f 1488/5/9 1487/5/9 1493/5/9
f 1492/5/9 1486/5/9 1488/5/9
f 1474/5/26 1486/5/26 1483/5/26
f 1492/5/40 1494/5/40 1476/5/40
f 1346/5/1 1489/5/1 1492/5/1
f 1485/5/1 1487/5/1 1728/5/1
f 1487/5/2 1488/5/2 1447/5/2
f 1483/5/41 1484/5/41 1472/5/41
f 1933/1/43 1495/1/43 1390/1/43
f 1936/1/44 452/1/44 183/1/44
f 1495/1/43 1497/1/43 1389/1/43
f 1473/1/44 1727/1/44 1726/1/44
f 1499/1/528 1727/1/528 1473/1/528
f 2172/1/281 2166/1/281 1500/1/281
f 1628/1/529 1621/1/529 1499/1/529
f 1799/3/283 1731/3/283 1452/3/283
f 1960/3/49 1952/3/49 190/3/49
f 1953/3/50 1501/3/50 1451/3/50
f 1350/1/52 1503/1/52 1403/1/52
f 1453/1/26 1505/1/26 1350/1/26
f 1946/1/52 18/1/52 195/1/52
f 1507/1/52 1506/1/52 1401/1/52
f 1503/1/52 1507/1/52 1402/1/52
f 1509/1/530 1502/1/530 1450/1/530
f 1729/1/36 1448/1/36 1510/1/36
f 1510/1/36 1448/1/36 1437/1/36
f 1437/1/26 1512/1/26 1468/1/26
f 1953/11/54 1998/11/54 1734/11/54
f 1512/1/26 1505/1/26 1453/1/26
f 1721/11/55 1723/11/55 1518/11/55
f 1717/9/56 1733/9/56 1515/9/56
f 1516/9/531 1515/9/531 1513/9/531
f 1514/9/26 1513/9/26 1522/9/26
f 1994/11/58 443/11/58 206/11/58
f 1516/9/532 1514/9/532 1504/9/532
f 1511/9/533 1513/9/533 1515/9/533
f 1717/9/2 1516/9/2 1403/9/2
f 1504/9/2 1514/9/2 1521/9/2
f 1522/9/534 1513/9/534 1511/9/534
f 1716/9/8 1719/9/8 1509/9/8
f 1812/1/26 2085/1/26 2134/1/26
f 1812/1/26 1818/1/26 1551/1/26
f 1526/1/26 1548/1/26 1435/1/26
f 1526/1/26 1525/1/26 1549/1/26
f 1544/2/2 1546/2/2 1391/2/2
f 1544/2/2 1545/2/2 1547/2/2
f 1542/2/2 1544/2/2 1392/2/2
f 1543/2/2 1545/2/2 1544/2/2
f 1966/2/2 1542/2/2 1393/2/2
f 1967/2/2 1543/2/2 1542/2/2
f 2081/7/26 2073/7/26 2054/7/26
f 2076/7/23 2079/7/23 2062/7/23
f 2073/7/26 2066/7/26 2053/7/26
f 2542/1/276 2021/1/276 2020/1/276
f 2528/1/276 2022/1/276 2021/1/276
f 2503/3/272 2506/3/272 2544/3/272
f 2506/3/272 2501/3/272 2533/3/272
f 2500/3/270 2499/3/270 2531/3/270
f 2499/3/270 2505/3/270 2543/3/270
f 1371/7/269 1537/7/269 1535/7/269
f 1537/7/269 1536/7/269 1534/7/269
f 2098/1/535 1355/1/535 1528/1/535
f 1528/1/269 1527/1/269 1532/1/269
f 1358/1/269 1373/1/269 1529/1/269
f 1529/1/269 1524/1/269 1531/1/269
f 2082/7/23 2075/7/23 2061/7/23
f 2066/7/26 2077/7/26 2052/7/26
f 2089/4/2 2087/4/2 2136/4/2
f 2085/1/26 1551/1/26 1524/1/26
f 1546/2/2 2525/2/2 2526/2/2
f 1547/2/2 2540/2/2 2525/2/2
f 1824/1/26 1579/1/26 1431/1/26
f 1830/1/26 2135/1/26 1579/1/26
f 1553/1/26 1577/1/26 1432/1/26
f 1552/1/26 1578/1/26 1577/1/26
f 2485/2/2 2481/2/2 2463/2/2
f 1574/2/2 1576/2/2 2466/2/2
f 1571/2/2 2464/2/2 1386/2/2
f 1572/2/2 1574/2/2 2464/2/2
f 1969/2/2 1571/2/2 2459/2/2
f 1970/2/2 1572/2/2 1571/2/2
f 2028/1/63 2027/1/63 1666/1/63
f 2075/7/23 2076/7/23 2060/7/23
f 2026/1/63 2028/1/63 1667/1/63
f 2077/7/26 2082/7/26 1567/7/26
f 1556/1/536 2026/1/536 1663/1/536
f 1557/1/276 2019/1/276 2026/1/276
f 2508/3/525 2507/3/525 1560/3/525
f 2507/3/525 2513/3/525 1559/3/525
f 1376/7/269 1378/7/269 1566/7/269
f 1564/7/269 1566/7/269 1565/7/269
f 1366/1/269 2541/1/269 1557/1/269
f 1562/1/269 1557/1/269 1556/1/269
f 1360/1/269 1372/1/269 1554/1/269
f 1559/1/269 1554/1/269 1558/1/269
f 2510/3/537 2514/3/537 1561/3/537
f 2514/3/267 2511/3/267 1562/3/267
f 2029/1/63 780/1/63 14/1/63
f 2080/7/9 2072/7/9 2056/7/9
f 2466/2/2 1553/2/2 1342/2/2
f 1576/2/2 1552/2/2 1553/2/2
f 1579/1/26 1554/1/26 1372/1/26
f 2135/1/26 1558/1/26 1554/1/26
f 1836/1/26 1597/1/26 1432/1/26
f 1842/1/26 1598/1/26 1597/1/26
f 1686/1/26 1595/1/26 1431/1/26
f 1679/1/26 1596/1/26 1595/1/26
f 2484/2/2 2485/2/2 1594/2/2
f 2498/8/2 2488/8/2 2375/8/2
f 1411/1/8 2480/1/8 2483/1/8
f 2491/2/2 2484/2/2 1593/2/2
f 1582/2/2 2467/2/2 2465/2/2
f 1582/2/2 1581/2/2 2469/2/2
f 1974/4/8 1601/4/8 1612/4/8
f 1585/4/8 1715/4/8 1713/4/8
f 1697/4/23 1703/4/23 1662/4/23
f 1986/4/9 418/4/9 25/4/9
f 1696/4/23 1697/4/23 1661/4/23
f 1701/4/538 1702/4/538 1600/4/538
f 1597/1/26 1582/1/26 1342/1/26
f 1598/1/26 1581/1/26 1582/1/26
f 1695/4/23 1696/4/23 1665/4/23
f 1689/4/1 1701/4/1 1599/4/1
f 1972/2/2 280/2/2 4/2/2
f 1973/2/2 281/2/2 280/2/2
f 1878/2/64 1639/2/64 2539/2/64
f 1687/1/26 1615/1/26 1438/1/26
f 1677/1/26 1616/1/26 1615/1/26
f 1985/4/23 1695/4/23 1664/4/23
f 1698/4/539 1699/4/539 1584/4/539
f 1704/4/9 1694/4/9 1415/4/9
f 1703/4/1 1698/4/1 1583/4/1
f 1584/4/540 1699/4/540 1689/4/540
f 1694/4/9 1692/4/9 1414/4/9
f 2490/8/2 1258/8/2 1243/8/2
f 1606/2/2 1608/2/2 2471/2/2
f 1603/2/2 2470/2/2 2461/2/2
f 1603/2/2 1604/2/2 1606/2/2
f 1975/2/2 307/2/2 22/2/2
f 1976/2/2 308/2/2 307/2/2
f 1600/4/541 1702/4/541 1704/4/541
f 1692/4/9 1691/4/9 1413/4/9
f 1458/1/281 1500/1/281 1621/1/281
f 1469/1/26 1627/1/26 1619/1/26
f 1977/1/25 325/1/25 134/1/25
f 1619/1/25 1620/1/25 1456/1/25
f 1620/1/25 1621/1/25 1500/1/25
f 1628/1/25 1622/1/25 1460/1/25
f 1978/2/2 1623/2/2 1462/2/2
f 1623/2/2 1624/2/2 1464/2/2
f 1624/2/2 1625/2/2 1466/2/2
f 2175/2/67 1642/2/67 1469/2/67
f 1647/2/68 1646/2/68 1615/2/68
f 1637/2/26 1631/2/26 1632/2/26
f 1884/2/26 1871/2/26 1631/2/26
f 1630/2/26 1629/2/26 1638/2/26
f 1860/2/26 1634/2/26 1639/2/26
f 2181/2/26 1872/2/26 1642/2/26
f 2173/2/26 1640/2/26 1641/2/26
f 1890/2/26 1648/2/26 1631/2/26
f 1896/2/26 1649/2/26 1648/2/26
f 1648/2/26 1633/2/26 1632/2/26
f 1649/2/26 1645/2/26 1633/2/26
f 1650/2/26 1651/2/26 1641/2/26
f 1872/2/26 1902/2/26 1652/2/26
f 1901/2/69 1647/2/69 1616/2/69
f 1907/2/70 1651/2/70 1626/2/70
f 1645/2/9 1649/2/9 2369/2/9
f 1635/2/71 1636/2/71 1596/2/71
f 1642/2/72 1652/2/72 1627/2/72
f 1646/2/2 1635/2/2 1438/2/2
f 1639/2/73 1634/2/73 2537/2/73
f 1650/2/2 1640/2/2 1466/2/2
f 2173/2/2 1630/2/2 1381/2/2
f 1381/2/2 1630/2/2 1643/2/2
f 1655/7/74 1658/7/74 1654/7/74
f 363/7/74 362/7/74 1660/7/74
f 1657/7/74 1660/7/74 1659/7/74
f 1656/7/74 1659/7/74 1658/7/74
f 1676/1/75 1372/1/75 1341/1/75
f 1341/1/75 1372/1/75 1374/1/75
f 1349/1/75 1374/1/75 1663/1/75
f 1944/1/75 1682/1/75 1382/1/75
f 1682/1/75 1683/1/75 1383/1/75
f 1683/1/75 1676/1/75 1384/1/75
f 1945/1/75 14/1/75 378/1/75
f 1667/1/75 1666/1/75 1394/1/75
f 1663/1/75 1667/1/75 1395/1/75
f 1982/7/75 382/7/75 1297/7/75
f 1675/7/75 2518/7/75 1668/7/75
f 2518/7/75 1671/7/75 2521/7/75
f 1671/7/75 2523/7/75 2520/7/75
f 2524/3/31 1669/3/31 1396/3/31
f 2515/3/30 1670/3/30 1383/3/30
f 1669/3/31 2517/3/31 1349/3/31
f 2522/3/31 1673/3/31 1394/3/31
f 2519/3/30 381/3/30 375/3/30
f 1662/1/8 1372/1/8 1676/1/8
f 1352/1/8 1678/1/8 1677/1/8
f 1351/1/8 1679/1/8 1584/1/8
f 1681/1/8 1678/1/8 1352/1/8
f 1944/1/8 7/1/8 397/1/8
f 1683/1/8 1682/1/8 1664/1/8
f 1676/1/8 1683/1/8 1665/1/8
f 1947/1/8 1684/1/8 1413/1/8
f 1684/1/8 1685/1/8 1414/1/8
f 1685/1/8 1681/1/8 1415/1/8
f 1686/1/8 1372/1/8 1662/1/8
f 1679/1/8 1686/1/8 1583/1/8
f 1687/1/8 1351/1/8 1680/1/8
f 1677/1/8 1687/1/8 1599/1/8
f 1688/4/76 1689/4/76 1699/4/76
f 1713/4/1 1715/4/1 1704/4/1
f 1690/4/542 1610/4/542 1613/4/542
f 1587/4/9 1589/4/9 1691/4/9
f 1706/4/23 1714/4/23 1703/4/23
f 1990/4/9 429/4/9 418/4/9
f 1586/4/79 1713/4/79 1702/4/79
f 1407/4/23 1706/4/23 1697/4/23
f 1712/4/542 1586/4/542 1693/4/542
f 1709/4/81 1610/4/81 1690/4/81
f 1409/4/23 1407/4/23 1696/4/23
f 1613/4/1 1712/4/1 1700/4/1
f 1989/4/23 1409/4/23 1695/4/23
f 1698/4/1 1708/4/1 1709/4/1
f 1715/4/9 1585/4/9 1694/4/9
f 1714/4/1 1708/4/1 1698/4/1
f 1585/4/9 1587/4/9 1692/4/9
f 1700/4/8 1701/4/8 1689/4/8
f 1693/4/82 1702/4/82 1701/4/82
f 1612/4/8 1611/4/8 1705/4/8
f 1949/4/8 1408/4/8 1409/4/8
f 1948/4/8 1612/4/8 1408/4/8
f 1707/4/8 1708/4/8 1714/4/8
f 1610/4/8 1709/4/8 1708/4/8
f 1711/4/8 1712/4/8 1613/4/8
f 1588/4/8 1586/4/8 1712/4/8
f 1710/4/8 1711/4/8 1614/4/8
f 1609/4/8 1588/4/8 1711/4/8
f 1987/4/8 1710/4/8 1601/4/8
f 1988/4/8 1609/4/8 1710/4/8
f 1517/9/56 1733/9/56 1717/9/56
f 1964/9/56 439/9/56 207/9/56
f 1518/9/56 1717/9/56 1718/9/56
f 1724/9/56 1733/9/56 1517/9/56
f 1965/9/56 1724/9/56 1519/9/56
f 1723/10/56 1721/10/56 1720/10/56
f 1993/10/56 444/10/56 443/10/56
f 1723/11/26 1722/11/26 1517/11/26
f 1722/11/58 1720/11/58 1519/11/58
f 1993/11/55 1721/11/55 1520/11/55
f 1719/9/8 1724/9/8 1725/9/8
f 1936/1/84 1726/1/84 1496/1/84
f 1726/1/84 1727/1/84 1498/1/84
f 1498/1/543 1727/1/543 1728/1/543
f 1793/1/544 1729/1/544 1450/1/544
f 1997/11/87 463/11/87 190/11/87
f 1509/11/300 1739/11/300 1738/11/300
f 1799/11/316 1925/11/316 1735/11/316
f 1729/1/545 1508/1/545 1732/1/545
f 1733/9/8 1724/9/8 1719/9/8
f 1508/9/8 1733/9/8 1716/9/8
f 1997/11/36 1735/11/36 1736/11/36
f 1926/11/315 1920/11/315 1734/11/315
f 1998/11/36 464/11/36 469/11/36
f 1739/11/546 1736/11/546 1735/11/546
f 1963/11/54 1999/11/54 1736/11/54
f 1926/11/308 1737/11/308 1730/11/308
f 1736/11/307 1739/11/307 1509/11/307
f 2000/11/87 469/11/87 458/11/87
f 1738/11/306 1931/11/306 1919/11/306
f 1931/11/308 1930/11/308 1918/11/308
f 1930/11/308 1929/11/308 1917/11/308
f 1929/11/306 1928/11/306 1916/11/306
f 1928/11/308 1927/11/308 1915/11/308
f 1927/11/309 1926/11/309 1914/11/309
f 1735/11/547 1925/11/547 1931/11/547
f 1925/11/312 1924/11/312 1930/11/312
f 1930/11/312 1924/11/312 1923/11/312
f 1929/11/548 1923/11/548 1922/11/548
f 1928/11/548 1922/11/548 1921/11/548
f 1927/11/314 1921/11/314 1920/11/314
f 1501/11/316 1734/11/316 1920/11/316
f 1794/11/301 1920/11/301 1921/11/301
f 1795/11/301 1921/11/301 1922/11/301
f 1796/11/301 1922/11/301 1923/11/301
f 1797/11/301 1923/11/301 1924/11/301
f 1798/11/316 1924/11/316 1925/11/316
f 1475/1/549 1728/1/549 1788/1/549
f 1908/1/318 1788/1/318 1789/1/318
f 1909/1/319 1789/1/319 1790/1/319
f 1910/1/319 1790/1/319 1791/1/319
f 1911/1/320 1791/1/320 1792/1/320
f 1912/1/299 1792/1/299 1793/1/299
f 1652/2/70 1902/2/70 1854/2/70
f 1902/2/70 1903/2/70 1855/2/70
f 1903/2/70 1904/2/70 1856/2/70
f 1904/2/70 1905/2/70 1857/2/70
f 1905/2/70 1906/2/70 1858/2/70
f 1906/2/70 1907/2/70 1859/2/70
f 1649/2/69 1896/2/69 1848/2/69
f 1896/2/69 1897/2/69 1849/2/69
f 1897/2/69 1898/2/69 1850/2/69
f 1898/2/69 1899/2/69 1851/2/69
f 1899/2/69 1900/2/69 1852/2/69
f 1900/2/69 1901/2/69 1853/2/69
f 1641/2/26 1651/2/26 1907/2/26
f 1877/2/26 1907/2/26 1906/2/26
f 1876/2/26 1906/2/26 1905/2/26
f 1875/2/26 1905/2/26 1904/2/26
f 1874/2/26 1904/2/26 1903/2/26
f 1873/2/26 1903/2/26 1902/2/26
f 1647/2/26 1901/2/26 1895/2/26
f 1901/2/26 1900/2/26 1894/2/26
f 1900/2/26 1899/2/26 1893/2/26
f 1899/2/26 1898/2/26 1892/2/26
f 1898/2/26 1897/2/26 1891/2/26
f 1897/2/26 1896/2/26 1890/2/26
f 1646/2/26 1895/2/26 1866/2/26
f 1895/2/26 1894/2/26 1867/2/26
f 1894/2/26 1893/2/26 1868/2/26
f 1868/2/26 1893/2/26 1892/2/26
f 1892/2/26 1891/2/26 1870/2/26
f 1870/2/26 1891/2/26 1890/2/26
f 2174/2/26 1641/2/26 1877/2/26
f 2176/2/26 1877/2/26 1876/2/26
f 2177/2/26 1876/2/26 1875/2/26
f 2178/2/26 1875/2/26 1874/2/26
f 2179/2/26 1874/2/26 1873/2/26
f 2180/2/26 1873/2/26 1872/2/26
f 1629/2/26 1865/2/26 1883/2/26
f 1865/2/26 1864/2/26 1882/2/26
f 1864/2/26 1863/2/26 1881/2/26
f 1863/2/26 1862/2/26 1880/2/26
f 1862/2/26 1861/2/26 1879/2/26
f 1861/2/26 1860/2/26 1878/2/26
f 1636/2/26 1635/2/26 1866/2/26
f 1889/2/26 1866/2/26 1867/2/26
f 1888/2/26 1867/2/26 1868/2/26
f 1887/2/26 1868/2/26 1869/2/26
f 1886/2/26 1869/2/26 1870/2/26
f 1885/2/26 1870/2/26 1871/2/26
f 1638/2/64 1883/2/64 2545/2/64
f 1883/2/64 1882/2/64 2557/2/64
f 1882/2/64 1881/2/64 2556/2/64
f 1881/2/64 1880/2/64 2555/2/64
f 1880/2/64 1879/2/64 2554/2/64
f 1879/2/64 1878/2/64 2553/2/64
f 1596/1/26 1847/1/26 1841/1/26
f 1847/1/26 1846/1/26 1840/1/26
f 1846/1/26 1845/1/26 1839/1/26
f 1845/1/26 1844/1/26 1838/1/26
f 1844/1/26 1843/1/26 1837/1/26
f 1843/1/26 1842/1/26 1836/1/26
f 1595/1/26 1841/1/26 1740/1/26
f 1841/1/26 1840/1/26 1741/1/26
f 1840/1/26 1839/1/26 1742/1/26
f 1839/1/26 1838/1/26 1743/1/26
f 1838/1/26 1837/1/26 1744/1/26
f 1837/1/26 1836/1/26 1745/1/26
f 1578/1/26 1835/1/26 1829/1/26
f 1835/1/26 1834/1/26 1828/1/26
f 1834/1/26 1833/1/26 1827/1/26
f 1833/1/26 1832/1/26 1826/1/26
f 1832/1/26 1831/1/26 1825/1/26
f 1831/1/26 1830/1/26 1824/1/26
f 1577/1/26 1829/1/26 1745/1/26
f 1829/1/26 1828/1/26 1744/1/26
f 1828/1/26 1827/1/26 1743/1/26
f 1827/1/26 1826/1/26 1742/1/26
f 1826/1/26 1825/1/26 1741/1/26
f 1825/1/26 1824/1/26 1740/1/26
f 1548/1/26 1549/1/26 1823/1/26
f 1817/1/26 1823/1/26 1822/1/26
f 1816/1/26 1822/1/26 1821/1/26
f 1815/1/26 1821/1/26 1820/1/26
f 1814/1/26 1820/1/26 1819/1/26
f 1813/1/26 1819/1/26 1818/1/26
f 1548/1/26 1817/1/26 1751/1/26
f 1817/1/26 1816/1/26 1750/1/26
f 1816/1/26 1815/1/26 1749/1/26
f 1815/1/26 1814/1/26 1748/1/26
f 1814/1/26 1813/1/26 1747/1/26
f 1813/1/26 1812/1/26 1746/1/26
f 1451/3/283 1501/3/283 1794/3/283
f 1794/3/283 1795/3/283 1807/3/283
f 1795/3/283 1796/3/283 1808/3/283
f 1796/3/283 1797/3/283 1809/3/283
f 1797/3/283 1798/3/283 1810/3/283
f 1798/3/283 1799/3/283 1811/3/283
f 1636/2/38 1889/2/38 1847/2/38
f 1889/2/38 1888/2/38 1846/2/38
f 1888/2/38 1887/2/38 1845/2/38
f 1887/2/38 1886/2/38 1844/2/38
f 1886/2/38 1885/2/38 1843/2/38
f 1885/2/38 1884/2/38 1842/2/38
f 1512/1/26 1805/1/26 1859/1/26
f 1805/1/26 1804/1/26 1858/1/26
f 1804/1/26 1803/1/26 1857/1/26
f 1803/1/26 1802/1/26 1856/1/26
f 1802/1/26 1801/1/26 1855/1/26
f 1801/1/26 1800/1/26 1854/1/26
f 2527/1/26 2538/1/26 1835/1/26
f 2538/1/26 2552/1/26 1834/1/26
f 2552/1/26 2551/1/26 1833/1/26
f 2551/1/26 2550/1/26 1832/1/26
f 2550/1/26 2549/1/26 1831/1/26
f 2549/1/26 2548/1/26 1830/1/26
f 116/3/36 494/3/36 2001/3/36
f 494/9/42 761/9/42 2013/9/42
f 493/3/36 492/3/36 2003/3/36
f 2016/9/27 758/9/27 491/9/27
f 491/3/36 490/3/36 2005/3/36
f 2015/9/550 2016/9/550 2004/9/550
f 1512/1/26 1437/1/26 1757/1/26
f 1805/1/26 1757/1/26 1756/1/26
f 1804/1/26 1756/1/26 1755/1/26
f 1803/1/26 1755/1/26 1754/1/26
f 1802/1/26 1754/1/26 1753/1/26
f 1801/1/26 1753/1/26 1752/1/26
f 1440/1/23 1763/1/23 1781/1/23
f 2418/5/26 2419/5/26 1761/5/26
f 2423/5/1 2422/5/1 1776/5/1
f 2417/5/26 2418/5/26 1760/5/26
f 2422/5/1 2414/5/1 1445/5/1
f 2416/5/26 2417/5/26 1759/5/26
f 1616/1/26 1439/1/26 1758/1/26
f 1853/1/26 1758/1/26 1759/1/26
f 1852/1/26 1759/1/26 1760/1/26
f 1851/1/26 1760/1/26 1761/1/26
f 1850/1/26 1761/1/26 1762/1/26
f 1849/1/26 1762/1/26 1763/1/26
f 1442/1/23 1769/1/23 2007/1/23
f 1769/1/23 1768/1/23 2008/1/23
f 1768/1/23 1767/1/23 2009/1/23
f 1767/1/23 1766/1/23 2010/1/23
f 1766/1/23 1765/1/23 2011/1/23
f 1765/1/23 1764/1/23 2012/1/23
f 1444/1/23 1775/1/23 1769/1/23
f 1775/1/23 1774/1/23 1768/1/23
f 1774/1/23 1773/1/23 1767/1/23
f 1773/1/23 1772/1/23 1766/1/23
f 1772/1/23 1771/1/23 1765/1/23
f 1771/1/23 1770/1/23 1764/1/23
f 1446/1/23 1781/1/23 1775/1/23
f 1781/1/23 1780/1/23 1774/1/23
f 1780/1/23 1779/1/23 1773/1/23
f 1779/1/23 1778/1/23 1772/1/23
f 1778/1/23 1777/1/23 1771/1/23
f 1777/1/23 1776/1/23 1770/1/23
f 1448/1/34 1787/1/34 1757/1/34
f 1787/1/34 1786/1/34 1756/1/34
f 1786/1/34 1785/1/34 1755/1/34
f 1785/1/34 1784/1/34 1754/1/34
f 1784/1/34 1783/1/34 1753/1/34
f 1783/1/34 1782/1/34 1752/1/34
f 1729/1/34 1793/1/34 1787/1/34
f 1793/1/34 1792/1/34 1786/1/34
f 1792/1/34 1791/1/34 1785/1/34
f 1791/1/34 1790/1/34 1784/1/34
f 1790/1/34 1789/1/34 1783/1/34
f 1789/1/34 1788/1/34 1782/1/34
f 1502/1/551 1919/1/551 1913/1/551
f 1919/1/313 1918/1/313 1912/1/313
f 1918/1/552 1917/1/552 1911/1/552
f 1917/1/553 1916/1/553 1910/1/553
f 1916/1/554 1915/1/554 1909/1/554
f 1915/1/555 1914/1/555 1908/1/555
f 2011/1/23 2012/1/23 501/1/23
f 2010/1/23 2011/1/23 502/1/23
f 2009/1/23 2010/1/23 503/1/23
f 2008/1/23 2009/1/23 504/1/23
f 2007/1/23 2008/1/23 505/1/23
f 2368/1/23 2007/1/23 506/1/23
f 2005/3/36 2006/3/36 1806/3/36
f 2004/3/36 2005/3/36 1807/3/36
f 2003/3/36 2004/3/36 1808/3/36
f 2002/3/36 2003/3/36 1809/3/36
f 2001/3/36 2002/3/36 1810/3/36
f 1960/3/36 2001/3/36 1811/3/36
f 1737/11/87 2000/11/87 1996/11/87
f 203/11/54 466/11/54 1999/11/54
f 1734/11/475 1998/11/475 2000/11/475
f 463/11/36 1997/11/36 1999/11/36
f 1735/11/87 1997/11/87 1952/11/87
f 452/1/476 1936/1/476 1995/1/476
f 444/11/55 1993/11/55 1991/11/55
f 1721/10/56 1993/10/56 1994/10/56
f 442/9/56 1965/9/56 1992/9/56
f 1718/9/56 1964/9/56 1991/9/56
f 21/4/8 430/4/8 1988/4/8
f 306/4/8 21/4/8 1987/4/8
f 288/4/8 1948/4/8 1949/4/8
f 287/4/8 1949/4/8 1989/4/8
f 286/4/23 1989/4/23 1985/4/23
f 1589/4/9 1990/4/9 1986/4/9
f 400/1/8 1947/1/8 1984/1/8
f 1682/1/8 1944/1/8 1983/1/8
f 1672/3/30 2519/3/30 1979/3/30
f 1298/3/31 2522/3/31 1980/3/31
f 2523/7/75 1982/7/75 1981/7/75
f 1666/1/75 1945/1/75 1980/1/75
f 7/1/75 1944/1/75 1979/1/75
f 327/2/2 1978/2/2 1954/2/2
f 1622/1/25 1977/1/25 1956/1/25
f 1608/2/2 1976/2/2 1975/2/2
f 2471/2/2 1975/2/2 1937/2/2
f 407/4/23 1985/4/23 1983/4/23
f 2462/2/2 1973/2/2 1972/2/2
f 2468/2/2 1972/2/2 1932/2/2
f 1691/4/9 1986/4/9 1984/4/9
f 306/4/8 1974/4/8 1948/4/8
f 2070/7/9 2081/7/9 1539/7/9
f 2027/1/63 2029/1/63 1945/1/63
f 1969/2/2 1932/2/2 4/2/2
f 1970/2/2 1969/2/2 252/2/2
f 2079/7/23 836/7/23 819/7/23
f 2072/7/9 2070/7/9 2057/7/9
f 219/2/2 1967/2/2 1966/2/2
f 218/2/2 1966/2/2 1934/2/2
f 1720/11/58 1994/11/58 1992/11/58
f 191/11/54 464/11/54 1998/11/54
f 1506/1/52 1946/1/52 1962/1/52
f 191/3/50 1953/3/50 1961/3/50
f 1452/3/116 1731/3/116 1952/3/116
f 1726/1/44 1936/1/44 1959/1/44
f 181/1/43 1933/1/43 1958/1/43
f 1461/1/25 1957/1/25 1977/1/25
f 1460/1/25 1956/1/25 2182/1/25
f 137/2/2 1955/2/2 1978/2/2
f 138/2/2 1954/2/2 2183/2/2
f 2006/3/36 1961/3/36 1451/3/36
f 195/9/2 439/9/2 1964/9/2
f 1724/9/8 1965/9/8 1963/9/8
f 2012/1/23 1951/1/23 120/1/23
f 2473/6/35 2475/6/35 1418/6/35
f 6/2/2 1943/2/2 1967/2/2
f 18/2/2 1946/2/2 1955/2/2
f 10/2/2 1934/2/2 1970/2/2
f 430/4/8 429/4/8 1990/4/8
f 1951/1/23 1947/1/23 400/1/23
f 16/1/11 1935/1/11 1940/1/11
f 32/3/14 1941/3/14 1939/3/14
f 1421/1/11 1495/1/11 1933/1/11
f 2364/2/2 2360/2/2 1976/2/2
f 1406/1/7 1959/1/7 1957/1/7
f 1996/1/556 1995/1/556 1496/1/556
f 1430/3/5 1942/3/5 1940/3/5
f 829/7/9 2080/7/9 2058/7/9
f 1399/1/4 1935/1/4 2025/1/4
f 1412/2/2 1937/2/2 1973/2/2
f 761/9/36 760/9/36 2014/9/36
f 759/9/36 758/9/36 2016/9/36
f 757/9/36 756/9/36 2018/9/36
f 2017/9/557 2018/9/557 2006/9/557
f 490/9/42 757/9/42 2017/9/42
f 2013/9/558 2014/9/558 2002/9/558
f 2014/9/27 760/9/27 493/9/27
f 2018/9/27 756/9/27 489/9/27
f 492/9/42 759/9/42 2015/9/42
f 2032/3/26 2031/3/26 2020/3/26
f 2038/3/23 2040/3/23 2029/3/23
f 2043/3/1 2044/3/1 2055/3/1
f 2035/3/9 2033/3/9 2022/3/9
f 2051/3/9 2049/3/9 1570/3/9
f 2040/3/23 793/3/23 780/3/23
f 2042/3/1 2043/3/1 1538/3/1
f 2037/3/23 2039/3/23 2028/3/23
f 2050/3/9 2048/3/9 2059/3/9
f 2041/3/1 2042/3/1 1400/3/1
f 2031/3/26 2030/3/26 2019/3/26
f 2034/3/9 2035/3/9 2024/3/9
f 2030/3/8 2031/3/8 2042/3/8
f 2031/3/8 2032/3/8 2043/3/8
f 2032/3/8 2033/3/8 2044/3/8
f 2035/3/8 2034/3/8 2045/3/8
f 2044/3/8 2033/3/8 2035/3/8
f 2034/3/8 2036/3/8 2047/3/8
f 2048/3/8 2037/3/8 2030/3/8
f 2038/3/8 2039/3/8 2050/3/8
f 2039/3/8 2037/3/8 2048/3/8
f 2040/3/8 2038/3/8 2049/3/8
f 2036/3/8 792/3/8 805/3/8
f 793/3/8 2040/3/8 2051/3/8
f 2047/3/23 805/3/23 224/3/23
f 2046/3/23 2045/3/23 1541/3/23
f 2033/3/26 2032/3/26 2021/3/26
f 2030/3/26 2037/3/26 2026/3/26
f 806/3/9 2051/3/9 1971/3/9
f 2044/3/23 2046/3/23 1540/3/23
f 2045/3/23 2047/3/23 1968/3/23
f 2036/3/9 2034/3/9 2023/3/9
f 792/3/9 2036/3/9 2025/3/9
f 2048/3/1 2041/3/1 1568/3/1
f 2039/3/23 2038/3/23 2027/3/23
f 2049/3/9 2050/3/9 1569/3/9
f 1568/3/8 1400/3/8 2053/3/8
f 1400/3/8 1538/3/8 2054/3/8
f 1538/3/8 2055/3/8 1539/3/8
f 1540/3/8 1541/3/8 2056/3/8
f 1539/3/8 2055/3/8 1540/3/8
f 1541/3/8 1968/3/8 2058/3/8
f 1567/3/8 2059/3/8 1568/3/8
f 1570/3/8 1569/3/8 2061/3/8
f 1569/3/8 2059/3/8 1567/3/8
f 1971/3/8 1570/3/8 2060/3/8
f 1968/3/8 224/3/8 818/3/8
f 256/3/8 1971/3/8 2062/3/8
f 2063/7/8 821/7/8 820/7/8
f 2066/7/332 2065/7/332 2067/7/332
f 2065/7/8 2064/7/8 2068/7/8
f 2069/7/8 2071/7/8 2064/7/8
f 2070/7/121 2072/7/121 2071/7/121
f 2073/7/332 2069/7/332 2065/7/332
f 2073/7/8 2081/7/8 2070/7/8
f 2074/7/8 828/7/8 821/7/8
f 2080/7/121 829/7/121 828/7/121
f 2067/7/122 2068/7/122 2076/7/122
f 2077/7/559 2067/7/559 2075/7/559
f 2078/7/122 820/7/122 836/7/122
f 2068/7/122 2078/7/122 2079/7/122
f 2072/7/121 2080/7/121 2074/7/121
f 2071/7/8 2074/7/8 2063/7/8
f 2064/7/8 2063/7/8 2078/7/8
f 1373/1/26 2134/1/26 1434/1/26
f 1529/1/26 1373/1/26 1344/1/26
f 1434/1/26 2134/1/26 2085/1/26
f 1550/1/26 2085/1/26 1529/1/26
f 2095/4/334 2094/4/334 2140/4/334
f 2087/4/167 2086/4/167 2138/4/167
f 2088/4/335 2089/4/335 2137/4/335
f 2138/4/8 2086/4/8 2088/4/8
f 2093/4/336 2092/4/336 2090/4/336
f 2092/4/337 2093/4/337 2089/4/337
f 2086/4/8 2090/4/8 2092/4/8
f 2093/4/2 2091/4/2 2087/4/2
f 2097/4/23 2096/4/23 2094/4/23
f 2094/4/482 2096/4/482 2142/4/482
f 2142/4/339 2096/4/339 2097/4/339
f 2143/4/130 2097/4/130 2095/4/130
f 2530/1/560 1355/1/560 1367/1/560
f 1363/1/561 2098/1/561 2099/1/561
f 1359/1/562 2099/1/562 2530/1/562
f 1367/1/563 1355/1/563 2098/1/563
f 2102/4/345 2122/4/345 2104/4/345
f 2102/6/8 2100/6/8 2562/6/8
f 2565/6/136 2103/6/136 2102/6/136
f 2563/6/2 2101/6/2 2103/6/2
f 2109/4/346 2111/4/346 2123/4/346
f 2123/1/347 2122/1/347 2102/1/347
f 2101/4/348 2105/4/348 2123/4/348
f 2100/4/564 2104/4/564 2105/4/564
f 2126/4/350 2112/4/350 2108/4/350
f 2108/4/351 2118/4/351 2116/4/351
f 2110/4/352 2108/4/352 2104/4/352
f 2132/1/565 2133/1/565 2115/1/565
f 2127/4/26 2113/4/26 2112/4/26
f 2115/1/354 2133/1/354 2129/1/354
f 2113/4/355 2127/4/355 2111/4/355
f 2113/4/356 2121/4/356 2120/4/356
f 2118/4/566 2119/4/566 2117/4/566
f 2120/4/567 2121/4/567 2119/4/567
f 2119/4/359 2121/4/359 2113/4/359
f 2117/4/360 2119/4/360 2109/4/360
f 2116/4/361 2117/4/361 2105/4/361
f 2112/4/362 2120/4/362 2118/4/362
f 2106/1/491 2122/1/491 2123/1/491
f 2107/1/568 2123/1/568 2111/1/568
f 2110/1/569 2122/1/569 2106/1/569
f 2127/1/570 2126/1/570 2114/1/570
f 2114/1/571 2126/1/571 2110/1/571
f 2111/1/572 2127/1/572 2115/1/572
f 2131/3/573 2129/3/573 2128/3/573
f 2129/3/574 2133/3/574 2132/3/574
f 2124/1/370 2129/1/370 2131/1/370
f 2125/1/371 2128/1/371 2132/1/371
f 2130/1/575 2128/1/575 2125/1/575
f 2131/1/373 2130/1/373 2106/1/373
f 2566/1/26 1558/1/26 1555/1/26
f 2084/1/26 2547/1/26 2566/1/26
f 1580/1/26 2135/1/26 2547/1/26
f 1558/1/26 2135/1/26 1580/1/26
f 2138/4/8 2139/4/8 2560/4/8
f 2139/4/374 2137/4/374 2561/4/374
f 2136/4/124 2138/4/124 2558/4/124
f 2561/4/2 2137/4/2 2136/4/2
f 2091/4/576 2143/4/576 2141/4/576
f 2090/4/376 2142/4/376 2143/4/376
f 2140/4/577 2142/4/577 2090/4/577
f 2141/4/378 2140/4/378 2086/4/378
f 2150/4/2 2151/4/2 2147/4/2
f 2163/4/8 2144/4/8 2145/4/8
f 2147/4/182 2144/4/182 2163/4/182
f 2145/4/379 2146/4/379 2161/4/379
f 2150/4/380 2149/4/380 2148/4/380
f 2144/4/8 2148/4/8 2149/4/8
f 2152/4/175 2154/4/175 2148/4/175
f 2149/4/381 2150/4/381 2146/4/381
f 2158/4/26 2159/4/26 2155/4/26
f 2148/4/26 2154/4/26 2155/4/26
f 2153/4/1 2152/4/1 2144/4/1
f 2155/4/177 2153/4/177 2147/4/177
f 2159/4/178 2158/4/178 2156/4/178
f 2159/4/179 2157/4/179 2153/4/179
f 2153/4/1 2157/4/1 2156/4/1
f 2156/4/180 2158/4/180 2154/4/180
f 2162/4/382 2161/4/382 2084/4/382
f 2160/4/172 2163/4/172 1555/4/172
f 2163/4/8 2162/4/8 2083/4/8
f 2084/4/2 2161/4/2 2160/4/2
f 926/2/2 2183/2/2 1943/2/2
f 2167/1/25 2182/1/25 1958/1/25
f 1861/2/26 2180/2/26 2181/2/26
f 1862/2/26 2179/2/26 2180/2/26
f 1863/2/26 2178/2/26 2179/2/26
f 1864/2/26 2177/2/26 2178/2/26
f 1865/2/26 2176/2/26 2177/2/26
f 1629/2/26 2174/2/26 2176/2/26
f 1640/2/2 2173/2/2 2170/2/2
f 1630/2/26 2173/2/26 2174/2/26
f 1860/2/26 2181/2/26 2175/2/26
f 1634/2/67 2175/2/67 2171/2/67
f 1389/1/281 1497/1/281 2166/1/281
f 2537/1/26 2171/1/26 2164/1/26
f 2182/1/25 927/1/25 28/1/25
f 2164/1/25 2165/1/25 1388/1/25
f 2165/1/25 2166/1/25 1497/1/25
f 2172/1/25 2167/1/25 1390/1/25
f 2183/2/2 2168/2/2 1379/2/2
f 2168/2/2 2169/2/2 1380/2/2
f 2169/2/2 2170/2/2 1381/2/2
f 2186/3/183 2232/3/183 2233/3/183
f 2188/3/184 2234/3/184 2232/3/184
f 2190/3/185 2235/3/185 2234/3/185
f 2192/3/186 2236/3/186 2235/3/186
f 2194/3/187 2237/3/187 2236/3/187
f 2196/3/188 2238/3/188 2237/3/188
f 2255/6/189 2254/6/189 2197/6/189
f 2198/3/189 2239/3/189 2238/3/189
f 2184/3/190 2233/3/190 2239/3/190
f 2186/3/1 2184/3/1 2198/3/1
f 2198/3/1 2196/3/1 2194/3/1
f 2194/3/1 2192/3/1 2190/3/1
f 2190/3/1 2188/3/1 2186/3/1
f 2186/3/1 2198/3/1 2194/3/1
f 2201/10/26 2200/10/26 2208/10/26
f 2200/10/26 2202/10/26 2210/10/26
f 2202/10/26 2203/10/26 2211/10/26
f 2203/10/26 2204/10/26 2212/10/26
f 2204/10/26 2205/10/26 2213/10/26
f 2205/10/26 2206/10/26 2214/10/26
f 2206/10/26 2207/10/26 2215/10/26
f 2215/10/26 2207/10/26 2201/10/26
f 2217/6/383 2241/6/383 2240/6/383
f 2216/6/384 2240/6/384 2242/6/384
f 2242/6/385 2243/6/385 2219/6/385
f 2243/6/386 2244/6/386 2220/6/386
f 2244/6/387 2245/6/387 2221/6/387
f 2245/6/388 2246/6/388 2222/6/388
f 2222/6/389 2246/6/389 2247/6/389
f 2247/6/390 2241/6/390 2217/6/390
f 2217/6/26 2216/6/26 2187/6/26
f 2257/6/199 2265/6/199 2187/6/199
f 2189/6/26 2218/6/26 2219/6/26
f 2265/6/188 2264/6/188 2189/6/188
f 2220/6/26 2221/6/26 2195/6/26
f 2270/6/501 2262/6/501 2217/6/501
f 2222/6/26 2223/6/26 2199/6/26
f 2263/6/201 2271/6/201 2199/6/201
f 2225/6/26 2224/6/26 2226/6/26
f 2226/6/26 2227/6/26 2228/6/26
f 2228/6/26 2229/6/26 2230/6/26
f 2230/6/26 2231/6/26 2225/6/26
f 2225/6/26 2226/6/26 2228/6/26
f 2253/6/187 2252/6/187 2193/6/187
f 2251/6/185 2250/6/185 2189/6/185
f 2248/6/183 2249/6/183 2185/6/183
f 2249/6/190 2255/6/190 2199/6/190
f 2254/6/188 2253/6/188 2195/6/188
f 2252/6/186 2251/6/186 2191/6/186
f 2250/6/184 2248/6/184 2187/6/184
f 2201/3/391 2233/3/391 2232/3/391
f 2232/3/392 2234/3/392 2202/3/392
f 2202/3/393 2234/3/393 2235/3/393
f 2203/3/394 2235/3/394 2236/3/394
f 2204/3/395 2236/3/395 2237/3/395
f 2205/3/396 2237/3/396 2238/3/396
f 2206/3/397 2238/3/397 2239/3/397
f 2207/3/398 2239/3/398 2233/3/398
f 2208/3/395 2240/3/395 2241/3/395
f 2242/3/396 2240/3/396 2208/3/396
f 2211/3/397 2243/3/397 2242/3/397
f 2212/3/398 2244/3/398 2243/3/398
f 2245/3/391 2244/3/391 2212/3/391
f 2246/3/392 2245/3/392 2213/3/392
f 2215/3/393 2247/3/393 2246/3/393
f 2241/3/394 2247/3/394 2215/3/394
f 2225/6/399 2249/6/399 2248/6/399
f 2248/6/400 2250/6/400 2226/6/400
f 2250/6/578 2251/6/578 2227/6/578
f 2227/6/402 2251/6/402 2252/6/402
f 2228/6/403 2252/6/403 2253/6/403
f 2253/6/404 2254/6/404 2230/6/404
f 2230/6/579 2254/6/579 2255/6/579
f 2255/6/406 2249/6/406 2225/6/406
f 2257/9/26 2256/9/26 2264/9/26
f 2267/9/26 2259/9/26 2258/9/26
f 2269/9/26 2261/9/26 2260/9/26
f 2263/9/26 2262/9/26 2270/9/26
f 2258/6/186 2259/6/186 2219/6/186
f 2264/6/218 2256/6/218 2218/6/218
f 2267/6/190 2266/6/190 2193/6/190
f 2259/6/219 2267/6/219 2191/6/219
f 2260/6/188 2261/6/188 2221/6/188
f 2266/6/504 2258/6/504 2220/6/504
f 2269/6/184 2268/6/184 2197/6/184
f 2261/6/221 2269/6/221 2195/6/221
f 2262/6/190 2263/6/190 2223/6/190
f 2268/6/505 2260/6/505 2222/6/505
f 2271/6/186 2270/6/186 2185/6/186
f 2256/6/184 2257/6/184 2216/6/184
f 2274/3/183 2320/3/183 2321/3/183
f 2276/3/184 2322/3/184 2320/3/184
f 2278/3/185 2323/3/185 2322/3/185
f 2280/3/186 2324/3/186 2323/3/186
f 2282/3/187 2325/3/187 2324/3/187
f 2284/3/188 2326/3/188 2325/3/188
f 2343/6/189 2342/6/189 2285/6/189
f 2286/3/189 2327/3/189 2326/3/189
f 2272/3/190 2321/3/190 2327/3/190
f 2274/3/1 2272/3/1 2286/3/1
f 2286/3/1 2284/3/1 2282/3/1
f 2282/3/1 2280/3/1 2278/3/1
f 2278/3/1 2276/3/1 2274/3/1
f 2274/3/1 2286/3/1 2282/3/1
f 2289/10/26 2288/10/26 2296/10/26
f 2288/10/26 2290/10/26 2298/10/26
f 2290/10/26 2291/10/26 2299/10/26
f 2291/10/26 2292/10/26 2300/10/26
f 2300/10/26 2292/10/26 2293/10/26
f 2301/10/26 2293/10/26 2294/10/26
f 2302/10/26 2294/10/26 2295/10/26
f 2303/10/26 2295/10/26 2289/10/26
f 2329/6/383 2328/6/383 2304/6/383
f 2328/6/384 2330/6/384 2306/6/384
f 2330/6/385 2331/6/385 2307/6/385
f 2331/6/386 2332/6/386 2308/6/386
f 2308/6/387 2332/6/387 2333/6/387
f 2333/6/388 2334/6/388 2310/6/388
f 2310/6/389 2334/6/389 2335/6/389
f 2335/6/390 2329/6/390 2305/6/390
f 2305/6/26 2304/6/26 2275/6/26
f 2345/6/199 2353/6/199 2275/6/199
f 2306/6/26 2307/6/26 2279/6/26
f 2353/6/188 2352/6/188 2277/6/188
f 2308/6/26 2309/6/26 2283/6/26
f 2358/6/501 2350/6/501 2305/6/501
f 2310/6/26 2311/6/26 2287/6/26
f 2351/6/201 2359/6/201 2287/6/201
f 2313/6/26 2312/6/26 2314/6/26
f 2314/6/26 2315/6/26 2316/6/26
f 2316/6/26 2317/6/26 2318/6/26
f 2318/6/26 2319/6/26 2313/6/26
f 2313/6/26 2314/6/26 2316/6/26
f 2341/6/187 2340/6/187 2281/6/187
f 2339/6/185 2338/6/185 2277/6/185
f 2336/6/183 2337/6/183 2273/6/183
f 2337/6/190 2343/6/190 2287/6/190
f 2342/6/188 2341/6/188 2283/6/188
f 2340/6/186 2339/6/186 2279/6/186
f 2338/6/184 2336/6/184 2275/6/184
f 2289/3/391 2321/3/391 2320/3/391
f 2320/3/392 2322/3/392 2290/3/392
f 2322/3/393 2323/3/393 2291/3/393
f 2291/3/394 2323/3/394 2324/3/394
f 2292/3/395 2324/3/395 2325/3/395
f 2293/3/396 2325/3/396 2326/3/396
f 2294/3/397 2326/3/397 2327/3/397
f 2295/3/398 2327/3/398 2321/3/398
f 2328/3/395 2329/3/395 2297/3/395
f 2298/3/396 2330/3/396 2328/3/396
f 2299/3/397 2331/3/397 2330/3/397
f 2332/3/398 2331/3/398 2299/3/398
f 2301/3/391 2333/3/391 2332/3/391
f 2334/3/392 2333/3/392 2301/3/392
f 2335/3/393 2334/3/393 2302/3/393
f 2297/3/394 2329/3/394 2335/3/394
f 2337/6/399 2336/6/399 2312/6/399
f 2312/6/400 2336/6/400 2338/6/400
f 2338/6/578 2339/6/578 2315/6/578
f 2339/6/402 2340/6/402 2316/6/402
f 2340/6/403 2341/6/403 2317/6/403
f 2341/6/404 2342/6/404 2318/6/404
f 2318/6/579 2342/6/579 2343/6/579
f 2319/6/406 2343/6/406 2337/6/406
f 2353/9/26 2345/9/26 2344/9/26
f 2355/9/26 2347/9/26 2346/9/26
f 2349/9/26 2348/9/26 2356/9/26
f 2359/9/26 2351/9/26 2350/9/26
f 2346/6/186 2347/6/186 2307/6/186
f 2352/6/218 2344/6/218 2306/6/218
f 2355/6/190 2354/6/190 2281/6/190
f 2347/6/219 2355/6/219 2279/6/219
f 2348/6/188 2349/6/188 2309/6/188
f 2354/6/504 2346/6/504 2308/6/504
f 2357/6/184 2356/6/184 2285/6/184
f 2349/6/221 2357/6/221 2283/6/221
f 2350/6/190 2351/6/190 2311/6/190
f 2356/6/222 2348/6/222 2310/6/222
f 2359/6/186 2358/6/186 2273/6/186
f 2344/6/184 2345/6/184 2304/6/184
f 1125/1/23 2360/1/23 1938/1/23
f 2362/1/23 1353/1/23 2361/1/23
f 2363/1/23 2362/1/23 1416/1/23
f 2364/1/23 2363/1/23 1417/1/23
f 1446/1/23 1444/1/23 2365/1/23
f 1444/1/23 1442/1/23 2367/1/23
f 1442/1/23 2368/1/23 1950/1/23
f 1617/1/26 2369/1/26 1440/1/26
f 1440/1/23 1446/1/23 2366/1/23
f 1353/1/26 2371/1/26 1602/1/26
f 1602/1/26 2371/1/26 2369/1/26
f 2360/1/23 2364/1/23 1418/1/23
f 2368/1/23 121/1/23 1136/1/23
f 2382/6/26 2372/6/26 2373/6/26
f 2379/6/23 2378/6/23 2472/6/23
f 2479/2/2 2491/2/2 1387/2/2
f 1591/1/2 2494/1/2 2486/1/2
f 2373/6/580 2372/6/580 2378/6/580
f 2497/8/26 2498/8/26 2377/8/26
f 2370/6/581 2372/6/581 2382/6/581
f 2474/6/35 1141/6/35 26/6/35
f 2378/6/225 2372/6/225 2370/6/225
f 2361/6/35 2373/6/35 2379/6/35
f 2383/6/410 2373/6/410 2361/6/410
f 1416/6/35 2379/6/35 2473/6/35
f 2382/6/411 2383/6/411 1602/6/411
f 2397/5/1 2398/5/1 2386/5/1
f 2390/5/2 2391/5/2 1445/5/2
f 2388/5/8 2389/5/8 1678/5/8
f 2391/5/1 2388/5/1 1681/5/1
f 2389/5/23 2388/5/23 2384/5/23
f 2390/5/23 2389/5/23 2385/5/23
f 2388/5/23 2391/5/23 2387/5/23
f 2391/5/23 2390/5/23 2386/5/23
f 2399/5/26 2396/5/26 2384/5/26
f 2396/5/2 2397/5/2 2385/5/2
f 2398/5/8 2399/5/8 2387/5/8
f 2429/5/1 2454/5/1 2407/5/1
f 2454/5/8 2457/5/8 2413/5/8
f 2452/5/1 2429/5/1 2406/5/1
f 2457/5/26 2456/5/26 2412/5/26
f 2451/5/1 2452/5/1 2405/5/1
f 2456/5/26 2455/5/26 2411/5/26
f 2424/5/1 2423/5/1 1777/5/1
f 2419/5/26 2420/5/26 1762/5/26
f 2421/5/2 2427/5/2 1781/5/2
f 2425/5/1 2424/5/1 1778/5/1
f 2420/5/26 2421/5/26 1763/5/26
f 2426/5/1 2425/5/1 1779/5/1
f 2427/5/1 2426/5/1 1780/5/1
f 2415/5/26 2416/5/26 1758/5/26
f 2415/5/23 2414/5/23 2400/5/23
f 2416/5/23 2415/5/23 2401/5/23
f 2417/5/23 2416/5/23 2402/5/23
f 2418/5/23 2417/5/23 2403/5/23
f 2419/5/23 2418/5/23 2404/5/23
f 2420/5/23 2419/5/23 2405/5/23
f 2407/5/23 2421/5/23 2420/5/23
f 2400/5/23 2414/5/23 2422/5/23
f 2422/5/23 2423/5/23 2409/5/23
f 2423/5/23 2424/5/23 2410/5/23
f 2424/5/23 2425/5/23 2411/5/23
f 2425/5/23 2426/5/23 2412/5/23
f 2426/5/23 2427/5/23 2413/5/23
f 2427/5/23 2421/5/23 2407/5/23
f 2446/10/23 2439/10/23 2438/10/23
f 2433/10/23 2447/10/23 2449/10/23
f 2447/10/23 2446/10/23 2448/10/23
f 2436/5/26 2444/5/26 2400/5/26
f 2444/5/2 2445/5/2 2401/5/2
f 2434/5/26 2436/5/26 2408/5/26
f 2445/5/1 2437/5/1 2402/5/1
f 2450/5/26 2434/5/26 2409/5/26
f 2437/5/1 2435/5/1 2403/5/1
f 2455/5/26 2450/5/26 2410/5/26
f 2435/5/1 2451/5/1 2404/5/1
f 2450/10/232 2451/10/232 2433/10/232
f 2445/10/233 2444/10/233 2438/10/233
f 2437/10/235 2445/10/235 2439/10/235
f 2435/10/235 2437/10/235 2446/10/235
f 2433/10/235 2451/10/235 2435/10/235
f 2438/10/234 2444/10/234 2436/10/234
f 2436/10/234 2434/10/234 2449/10/234
f 2434/10/234 2450/10/234 2432/10/234
f 1387/2/2 2459/2/2 1386/2/2
f 2460/2/2 2461/2/2 1411/2/2
f 2463/2/2 1412/2/2 2462/2/2
f 1386/2/2 2464/2/2 1573/2/2
f 1575/2/2 2466/2/2 2465/2/2
f 2464/2/2 2466/2/2 1575/2/2
f 2465/2/2 2467/2/2 1590/2/2
f 2467/2/2 2469/2/2 1591/2/2
f 2468/2/2 2459/2/2 1387/2/2
f 2462/2/2 2468/2/2 1593/2/2
f 1591/2/2 2469/2/2 2460/2/2
f 2461/2/2 2470/2/2 1605/2/2
f 1607/2/2 2471/2/2 1412/2/2
f 2470/2/2 2471/2/2 1607/2/2
f 2377/6/23 2473/6/23 2472/6/23
f 1141/6/23 2474/6/23 2381/6/23
f 2475/6/23 2473/6/23 2377/6/23
f 2376/6/23 2472/6/23 2374/6/23
f 2374/6/23 2380/6/23 2477/6/23
f 2474/6/23 2475/6/23 2375/6/23
f 2380/6/23 1140/6/23 1247/6/23
f 2480/2/2 2481/2/2 2485/2/2
f 2492/2/2 2493/2/2 2478/2/2
f 2482/2/2 2484/2/2 2491/2/2
f 2483/2/2 2485/2/2 2484/2/2
f 2486/2/2 2482/2/2 2479/2/2
f 2494/2/2 2483/2/2 2482/2/2
f 2495/2/2 2496/2/2 2481/2/2
f 2498/13/23 2497/13/23 2487/13/23
f 2488/13/23 2487/13/23 2489/13/23
f 2490/13/23 2489/13/23 1257/13/23
f 2483/2/8 2494/2/8 1591/2/8
f 1573/1/1 2492/1/1 2479/1/1
f 2489/8/8 2487/8/8 2476/8/8
f 1605/1/8 2495/1/8 2480/1/8
f 1385/1/8 2478/1/8 2493/1/8
f 2488/8/2 2490/8/2 2381/8/2
f 2463/1/8 2481/1/8 2496/1/8
f 2493/2/2 2492/2/2 1573/2/2
f 1257/8/8 2489/8/8 2477/8/8
f 2496/2/8 2495/2/8 1605/2/8
f 1590/1/8 2486/1/8 2478/1/8
f 1603/2/2 1633/2/2 1645/2/2
f 1632/2/2 1633/2/2 1603/2/2
f 1644/2/2 1632/2/2 1410/2/2
f 2499/7/415 2500/7/415 1369/7/415
f 1371/7/416 2502/7/416 2501/7/416
f 1370/7/417 2503/7/417 2504/7/417
f 1369/7/418 2500/7/418 2502/7/418
f 1368/7/415 2504/7/415 2505/7/415
f 2505/7/415 2499/7/415 1535/7/415
f 2506/7/416 2503/7/416 1370/7/416
f 2501/7/416 2506/7/416 1536/7/416
f 2507/7/419 2508/7/419 1376/7/419
f 2510/7/420 2509/7/420 1375/7/420
f 1378/7/423 2512/7/423 2511/7/423
f 2508/7/422 2512/7/422 1378/7/422
f 1375/7/419 2509/7/419 2513/7/419
f 2513/7/419 2507/7/419 1564/7/419
f 2514/7/421 2510/7/421 1377/7/421
f 2511/7/421 2514/7/421 1565/7/421
f 2515/7/249 2516/7/249 1674/7/249
f 1674/7/424 2516/7/424 2517/7/424
f 1675/7/251 2517/7/251 1669/7/251
f 2519/7/249 1672/7/249 2520/7/249
f 1672/7/249 1670/7/249 2521/7/249
f 1670/7/249 2515/7/249 1668/7/249
f 1673/7/510 2522/7/510 1982/7/510
f 2524/7/251 1673/7/251 2523/7/251
f 1669/7/510 2524/7/510 1671/7/510
f 381/7/249 2519/7/249 1981/7/249
f 2522/7/251 1298/7/251 382/7/251
f 1942/7/252 1660/7/252 362/7/252
f 1429/7/252 1659/7/252 1660/7/252
f 363/7/253 1657/7/253 1941/7/253
f 1657/7/253 1656/7/253 1426/7/253
f 1426/7/253 1656/7/253 1655/7/253
f 1425/7/253 1655/7/253 1653/7/253
f 1653/7/582 1654/7/582 1357/7/582
f 1429/7/252 1428/7/252 1658/7/252
f 1428/7/252 1357/7/252 1654/7/252
f 1345/1/26 2526/1/26 2525/1/26
f 2527/1/26 2526/1/26 1345/1/26
f 1355/1/583 2529/1/583 2528/1/583
f 1354/1/584 2529/1/584 1355/1/584
f 2532/1/269 2531/1/269 1531/1/269
f 1533/1/269 2533/1/269 2534/1/269
f 1358/1/269 2536/1/269 2535/1/269
f 2098/1/585 2534/1/585 2532/1/585
f 1433/1/26 2537/1/26 1354/1/26
f 2538/1/26 2527/1/26 1435/1/26
f 2539/1/26 2537/1/26 1433/1/26
f 2525/1/26 2540/1/26 1525/1/26
f 2542/1/269 2541/1/269 1347/1/269
f 2528/1/269 2542/1/269 1527/1/269
f 1530/1/269 2543/1/269 2536/1/269
f 2531/1/269 2543/1/269 1530/1/269
f 2535/1/269 2544/1/269 1532/1/269
f 2544/1/269 2533/1/269 1533/1/269
f 2546/1/26 2545/1/26 1823/1/26
f 1525/1/26 2540/1/26 2546/1/26
f 2547/1/26 2548/1/26 1746/1/26
f 2548/1/26 2549/1/26 1747/1/26
f 2549/1/26 2550/1/26 1748/1/26
f 2550/1/26 2551/1/26 1749/1/26
f 2551/1/26 2552/1/26 1750/1/26
f 2552/1/26 2538/1/26 1751/1/26
f 1818/1/26 2553/1/26 2539/1/26
f 1819/1/26 2554/1/26 2553/1/26
f 1820/1/26 2555/1/26 2554/1/26
f 1821/1/26 2556/1/26 2555/1/26
f 1822/1/26 2557/1/26 2556/1/26
f 1823/1/26 2545/1/26 2557/1/26
f 2559/1/26 2558/1/26 1344/1/26
f 2558/1/26 2560/1/26 1523/1/26
f 2561/1/26 2559/1/26 1434/1/26
f 2560/1/26 2561/1/26 1550/1/26
f 1367/1/586 2562/1/586 2563/1/586
f 1359/1/587 2565/1/587 2564/1/587
f 2563/1/588 2565/1/588 1359/1/588
f 2564/1/589 2562/1/589 1367/1/589
f 1347/1/269 2541/1/269 2566/1/269
f 2566/1/26 2547/1/26 2134/1/26
usemtl glowy
f 164/10/36 163/10/36 166/10/36
f 162/10/36 167/10/36 163/10/36
f 1160/12/23 1162/12/23 1163/12/23
f 1160/12/228 1165/12/228 1161/12/228
f 1161/12/229 1166/12/229 1162/12/229
f 1160/12/230 1167/12/230 1164/12/230
f 1162/12/231 1167/12/231 1163/12/231
f 1196/8/23 1208/8/23 1209/8/23
f 1198/8/23 1221/8/23 1196/8/23
f 1210/8/23 1199/8/23 1198/8/23
f 1210/8/236 1219/8/236 1211/8/236
f 1211/8/237 1220/8/237 1199/8/237
f 1199/8/237 1197/8/237 1221/8/237
f 1208/8/237 1197/8/237 1222/8/237
f 1210/8/238 1223/8/238 1218/8/238
f 1196/8/238 1223/8/238 1198/8/238
f 1209/8/238 1224/8/238 1196/8/238
f 1208/8/239 1225/8/239 1209/8/239
f 1478/10/36 1479/10/36 1481/10/36
f 1482/10/36 1477/10/36 1478/10/36
f 2394/12/23 2392/12/23 2395/12/23
f 2397/12/228 2392/12/228 2393/12/228
f 2398/12/230 2393/12/230 2394/12/230
f 2396/12/229 2395/12/229 2392/12/229
f 2399/12/231 2394/12/231 2395/12/231
f 2440/8/23 2428/8/23 2441/8/23
f 2453/8/23 2430/8/23 2428/8/23
f 2431/8/23 2442/8/23 2430/8/23
f 2451/8/412 2442/8/412 2443/8/412
f 2452/8/238 2443/8/238 2431/8/238
f 2429/8/238 2431/8/238 2453/8/238
f 2440/8/238 2429/8/238 2453/8/238
f 2442/8/237 2455/8/237 2430/8/237
f 2455/8/237 2428/8/237 2430/8/237
f 2456/8/237 2441/8/237 2428/8/237
f 2457/8/413 2440/8/413 2441/8/413
f 164/10/36 162/10/36 163/10/36
f 162/10/36 165/10/36 167/10/36
f 1160/12/23 1161/12/23 1162/12/23
f 1160/12/228 1164/12/228 1165/12/228
f 1161/12/229 1165/12/229 1166/12/229
f 1160/12/230 1163/12/230 1167/12/230
f 1162/12/231 1166/12/231 1167/12/231
f 1196/8/23 1221/8/23 1208/8/23
f 1198/8/23 1199/8/23 1221/8/23
f 1210/8/23 1211/8/23 1199/8/23
f 1210/8/236 1218/8/236 1219/8/236
f 1211/8/237 1219/8/237 1220/8/237
f 1199/8/237 1220/8/237 1197/8/237
f 1208/8/237 1221/8/237 1197/8/237
f 1210/8/238 1198/8/238 1223/8/238
f 1196/8/238 1224/8/238 1223/8/238
f 1209/8/238 1225/8/238 1224/8/238
f 1208/8/239 1222/8/239 1225/8/239
f 1478/10/36 1477/10/36 1479/10/36
f 1482/10/36 1480/10/36 1477/10/36
f 2394/12/23 2393/12/23 2392/12/23
f 2397/12/228 2396/12/228 2392/12/228
f 2398/12/230 2397/12/230 2393/12/230
f 2396/12/229 2399/12/229 2395/12/229
f 2399/12/231 2398/12/231 2394/12/231
f 2440/8/23 2453/8/23 2428/8/23
f 2453/8/23 2431/8/23 2430/8/23
f 2431/8/23 2443/8/23 2442/8/23
f 2451/8/236 2450/8/236 2442/8/236
f 2452/8/238 2451/8/238 2443/8/238
f 2429/8/238 2452/8/238 2431/8/238
f 2440/8/238 2454/8/238 2429/8/238
f 2442/8/237 2450/8/237 2455/8/237
f 2455/8/237 2456/8/237 2428/8/237
f 2456/8/237 2457/8/237 2441/8/237
f 2457/8/239 2454/8/239 2440/8/239
o Plane
v -2.000000 0.000000 150.000000
v 2.000000 0.000000 150.000000
v -2.000000 0.000000 -150.000000
v 2.000000 0.000000 -150.000000
vn -0.0000 1.0000 -0.0000
vt 1.000000 0.000000
vt 0.000000 1.000000
vt 0.000000 0.000000
vt 1.000000 1.000000
s 0
f 2568/14/590 2569/15/590 2567/16/590
f 2568/14/590 2570/17/590 2569/15/590
